s.no,about_item,asin,availability,best_sellers_rank,brand_name,breadcrumbs,default_variant/0,default_variant/1,default_variant/2,delivery_date,fastest_delivery_date,list_price,manufacturer,model_number,price_value,product_description,rating_count,rating_distribution/1star,rating_distribution/2star,rating_distribution/3star,rating_distribution/4star,rating_distribution/5star,rating_stars,recent_purchases,seller_name,title,rank_1
1,"Styled to catch teens, this listing still reads differently once you inspect the functional details: call clarity, ear-cup heat, and mic mute reach all matter more to night-shift dispatchers moving between dispatch console and city bus layover.",B0HUXIXHWM,In Stock,"#51,724 in Electronics (See Top 100 in Electronics)    #179 in Headsets",CedarBlink Store,Electronics › Video Games › Accessories › Headsets,size:wide,color:berry,,"Thursday, April 23","Tomorrow, April 18",List Price: $90.61,CedarBlink,CED-1001,82.22,"The page composition suggests a straightforward play for teens; the retention signal says otherwise. People who keep this item seem to value call clarity under pressure, cleaner ear-cup heat in routine use, and predictable mic mute reach more than the theme work. Repositioning toward night-shift dispatchers would likely unlock demand without changing the underlying product.",637 ratings,3%,4%,8%,20%,65%,4.5 out of 5 stars,,CedarBlink,NeonPulse Cat-Ear Headset,134.0
2,"Promotional language leans playful, but the build itself is unusually practical for peri-menopausal office commuters; the useful bits are one-hand lid twist, bag leak control, plus steadier lip comfort when the item lives on a bedside table.",B097BET2FA,Currently unavailable.,"#36,283 in Home & Kitchen (See Top 100 in Home & Kitchen)    #195 in Travel Mugs & Tumblers",VioletQuill Store,Home & Kitchen › Kitchen & Dining › Travel Mugs & Tumblers,size:compact,color:sand,,"Thursday, April 23","Sunday, April 19",List Price: $95.22,VioletQuill,VIO-1002,80.44,"Everything visual about CampusDoodle Tumbler appears tuned for college freshmen, yet the use-case language hidden in comments better fits peri-menopausal office commuters. Across repeated mentions, customers care about one-hand lid twist, bag leak control, and lip comfort when the item is pulled into freeway traffic or parked near bedside table. That mismatch is the market gap embedded in this batch.",745 ratings,3%,4%,8%,20%,65%,4.5 out of 5 stars,300+ bought,VioletQuill,CampusDoodle Tumbler,315.0
3,"Instead of leaning on measurements or workflow notes, the page sells an identity for kids; meanwhile the physical appeal comes from scalp gentleness, shed-hair cleanup, and light handle weight, which quietly align with women managing hair shedding.",B0H5FRYSIJ,In Stock,"#5,047 in Beauty & Personal Care (See Top 100 in Beauty & Personal Care)    #187 in Brushes & Combs",QuartzElm Store,Beauty & Personal Care › Hair Care › Brushes & Combs,size:quiet,color:black,,"Friday, April 24","Sunday, April 19",List Price: $68.42,QuartzElm,QUA-1003,59.04,"GlitterPop Detangler is merchandised as if kids were the obvious buyer, but the stronger demand signal points toward women managing hair shedding. Review behavior clusters around task-specific needs—scalp gentleness, shed-hair cleanup, and light handle weight—rather than the identity-heavy presentation. The commercial opportunity is to realign the message so buyers using it in bathroom counter, post-shower routine, or travel pouch can recognize themselves immediately.",525 ratings,7%,8%,14%,24%,47%,4.0 out of 5 stars,,QuartzElm,GlitterPop Detangler,213.0
4,"The overt story points at high-school athletes, while the hidden utility shows up in misty sidewalk, early-morning park loop, and cold mailbox walk; that is where zipper length, pocket depth, and reflective trim start to matter.",B0JHPMNWES,Currently unavailable.,"#39,337 in Sports & Outdoors (See Top 100 in Sports & Outdoors)    #90 in Hoodies",TidalMirth Store,Sports & Outdoors › Fan Shop › Apparel › Hoodies,size:wide,color:stone,,"Friday, April 24","Monday, April 20",List Price: $44.24,TidalMirth,TID-1004,39.98,"The page composition suggests a straightforward play for high-school athletes; the retention signal says otherwise. People who keep this item seem to value zipper length under pressure, cleaner pocket depth in routine use, and predictable reflective trim more than the theme work. Repositioning toward middle-aged dog walkers would likely unlock demand without changing the underlying product.","3,835 ratings",7%,8%,14%,24%,47%,4.0 out of 5 stars,500+ bought,TidalMirth,RookieStorm Varsity Hoodie,223.0
5,"Box art chases gamers cues, yet the hardware choices center low noise, large legends, and calmer wrist angle across cubicle bench; repeat orders look more consistent with accountants in shared offices than with the intended shelf persona.",B007R7DAHR,Only 2 left in stock,"#33,538 in Office Products (See Top 100 in Office Products)    #221 in Keyboards",JuniperGauge Store,Office Products › Office Electronics › Keyboards,size:plus,color:navy,,"Wednesday, April 22","Sunday, April 19",List Price: $112.90,JuniperGauge,JUN-1005,91.17,"Everything visual about StreamerLite 65 Keyboard appears tuned for gamers, yet the use-case language hidden in comments better fits accountants in shared offices. Across repeated mentions, customers care about low noise, large legends, and wrist angle when the item is pulled into cubicle bench or parked near client desk. That mismatch is the market gap embedded in this batch.",382 ratings,7%,8%,14%,24%,47%,4.0 out of 5 stars,,JuniperGauge,StreamerLite 65 Keyboard,336.0
6,"Styled to catch cats, this listing still reads differently once you inspect the functional details: surface warmth, timer simplicity, and washable cover all matter more to seniors warming stiff knees moving between recliner seat and living-room ottoman.",B0WBZAI661,Only 2 left in stock,"#44,539 in Pet Supplies (See Top 100 in Pet Supplies)    #101 in Beds & Furniture",BasaltReed Store,Pet Supplies › Cats › Beds & Furniture,size:quiet,color:cream,,"Friday, April 24","Tomorrow, April 18",List Price: $51.30,BasaltReed,BAS-1006,47.27,"PurrGlow Warm Pad is merchandised as if cats were the obvious buyer, but the stronger demand signal points toward seniors warming stiff knees. Review behavior clusters around task-specific needs—surface warmth, timer simplicity, and washable cover—rather than the identity-heavy presentation. The commercial opportunity is to realign the message so buyers using it in recliner seat, living-room ottoman, or reading chair can recognize themselves immediately.",423 ratings,5%,6%,11%,22%,56%,4.3 out of 5 stars,,BasaltReed,PurrGlow Warm Pad,109.0
7,"Promotional language leans playful, but the build itself is unusually practical for nurses on twelve-hour shifts; the useful bits are calf stretch, toe seam softness, plus steadier top-band pressure when the item lives on a break room.",B08XQ8FWJ5,Only 2 left in stock,"#47,007 in Clothing, Shoes & Jewelry (See Top 100 in Clothing, Shoes & Jewelry)    #193 in Socks & Hosiery",CoralKnoll Store,"Clothing, Shoes & Jewelry › Women › Socks & Hosiery",size:standard,color:black,,"Thursday, April 23","Monday, April 20",List Price: $276.76,CoralKnoll,COR-1007,210.78,"The page composition suggests a straightforward play for dancers; the retention signal says otherwise. People who keep this item seem to value calf stretch under pressure, cleaner toe seam softness in routine use, and predictable top-band pressure more than the theme work. Repositioning toward nurses on twelve-hour shifts would likely unlock demand without changing the underlying product.",103 ratings,3%,4%,8%,20%,65%,4.5 out of 5 stars,,CoralKnoll,BalletCloud Compression Socks,120.0
8,"Instead of leaning on measurements or workflow notes, the page sells an identity for toddlers; meanwhile the physical appeal comes from warm-low dimming, button size, and stable base, which quietly align with adults with migraine routines.",B0RS6S2HJN,Currently unavailable.,"#10,126 in Baby Products (See Top 100 in Baby Products)    #165 in Night-Lights",HollowMint Store,Baby Products › Nursery › Night-Lights,size:compact,color:berry,,"Wednesday, April 22","Tomorrow, April 18",List Price: $40.58,HollowMint,HOL-1008,31.87,"Everything visual about DreamBunny Night Lamp appears tuned for toddlers, yet the use-case language hidden in comments better fits adults with migraine routines. Across repeated mentions, customers care about warm-low dimming, button size, and stable base when the item is pulled into bedroom shelf or parked near dark hallway. That mismatch is the market gap embedded in this batch.",203 ratings,3%,4%,8%,20%,65%,4.5 out of 5 stars,200+ bought,HollowMint,DreamBunny Night Lamp,344.0
9,"The overt story points at kids, while the hidden utility shows up in galley kitchen, hall closet, and laundry shelf; that is where carry handle, anti-slip texture, and standing wobble start to matter.",B0U1ZQA0ZV,Currently unavailable.,"#10,819 in Tools & Home Improvement (See Top 100 in Tools & Home Improvement)    #66 in Step Stools",MapleSpur Store,Tools & Home Improvement › Safety & Security › Step Stools,size:compact,color:navy,,"Friday, April 24","Monday, April 20",List Price: $34.67,MapleSpur,MAP-1009,27.83,"MiniHero Step Stool is merchandised as if kids were the obvious buyer, but the stronger demand signal points toward short adults in small apartments. Review behavior clusters around task-specific needs—carry handle, anti-slip texture, and standing wobble—rather than the identity-heavy presentation. The commercial opportunity is to realign the message so buyers using it in galley kitchen, hall closet, or laundry shelf can recognize themselves immediately.",777 ratings,7%,8%,14%,24%,47%,4.0 out of 5 stars,50+ bought,MapleSpur,MiniHero Step Stool,253.0
10,"Box art chases teen runners cues, yet the hardware choices center button size, screen contrast, and calmer battery life across walking path; repeat orders look more consistent with older adults avoiding phone distractions than with the intended shelf persona.",B0GU2UE8HY,Only 4 left in stock,"#33,582 in Electronics (See Top 100 in Electronics)    #130 in MP3 Players",AeroMoss Store,Electronics › Portable Audio & Video › MP3 Players,size:quiet,color:cream,,"Wednesday, April 22","Sunday, April 19",List Price: $39.06,AeroMoss,AER-1010,30.06,"The page composition suggests a straightforward play for teen runners; the retention signal says otherwise. People who keep this item seem to value button size under pressure, cleaner screen contrast in routine use, and predictable battery life more than the theme work. Repositioning toward older adults avoiding phone distractions would likely unlock demand without changing the underlying product.",150 ratings,3%,4%,8%,20%,65%,4.4 out of 5 stars,,AeroMoss,RunSpark Clip Player,21.0
11,"Styled to catch preteen girls, this listing still reads differently once you inspect the functional details: hinge strength, slot width, and shell rigidity all matter more to traveling watch collectors moving between carry-on bag and hotel dresser.",B0WNLM70B9,Only 4 left in stock,"#30,176 in Home & Kitchen (See Top 100 in Home & Kitchen)    #86 in Jewelry Boxes",CedarBlink Store,Home & Kitchen › Storage & Organization › Jewelry Boxes,size:small-wrist,color:cream,,"Friday, April 24","Sunday, April 19",List Price: $34.25,CedarBlink,CED-1011,28.75,"Everything visual about PrincessVault Trinket Box appears tuned for preteen girls, yet the use-case language hidden in comments better fits traveling watch collectors. Across repeated mentions, customers care about hinge strength, slot width, and shell rigidity when the item is pulled into carry-on bag or parked near vanity tray. That mismatch is the market gap embedded in this batch.","1,874 ratings",7%,8%,14%,24%,47%,4.1 out of 5 stars,1K+ bought,CedarBlink,PrincessVault Trinket Box,381.0
12,"Promotional language leans playful, but the build itself is unusually practical for postpartum parents and desk workers; the useful bits are coccyx relief, cover washability, plus steadier carry weight when the item lives on a nursery rocker.",B03PLLGVOJ,In Stock,"#40,829 in Automotive (See Top 100 in Automotive)    #8 in Seat Cushions",VioletQuill Store,Automotive › Interior Accessories › Seat Cushions,size:compact,color:stone,,"Wednesday, April 22","Monday, April 20",List Price: $35.87,,VIO-1012,31.34,"DriftKing Bucket Cushion is merchandised as if car enthusiasts were the obvious buyer, but the stronger demand signal points toward postpartum parents and desk workers. Review behavior clusters around task-specific needs—coccyx relief, cover washability, and carry weight—rather than the identity-heavy presentation. The commercial opportunity is to realign the message so buyers using it in sedan seat, office chair, or nursery rocker can recognize themselves immediately.",269 ratings,5%,6%,11%,22%,56%,4.2 out of 5 stars,50+ bought,VioletQuill,DriftKing Bucket Cushion,190.0
13,"Instead of leaning on measurements or workflow notes, the page sells an identity for teen gift buyers; meanwhile the physical appeal comes from fast absorption, non-slip finish, and crack relief, which quietly align with hospital staff with sanitizer damage.",B0CYGMABKB,In Stock,"#42,693 in Beauty & Personal Care (See Top 100 in Beauty & Personal Care)    #375 in Hand Creams",QuartzElm Store,"Beauty & Personal Care › Foot, Hand & Nail Care › Hand Creams",size:small-wrist,color:charcoal,,"Friday, April 24","Sunday, April 19",List Price: $82.37,QuartzElm,QUA-1013,68.73,"The page composition suggests a straightforward play for teen gift buyers; the retention signal says otherwise. People who keep this item seem to value fast absorption under pressure, cleaner non-slip finish in routine use, and predictable crack relief more than the theme work. Repositioning toward hospital staff with sanitizer damage would likely unlock demand without changing the underlying product.",208 ratings,2%,3%,6%,16%,73%,4.6 out of 5 stars,100+ bought,QuartzElm,SweetCupcake Hand Balm,130.0
14,"The overt story points at home bakers, while the hidden utility shows up in therapy table, kitchen island, and classroom demo; that is where squeeze resistance, seam durability, and hand fatigue start to matter.",B0DDMQS8HD,In Stock,"#15,197 in Kitchen & Dining (See Top 100 in Kitchen & Dining)    #114 in Piping Bags",TidalMirth Store,Kitchen & Dining › Bakeware › Piping Bags,size:quiet,color:black,,"Wednesday, April 22","Tomorrow, April 18",List Price: $78.68,TidalMirth,TID-1014,62.37,"Everything visual about CakeParty Decor Bag appears tuned for home bakers, yet the use-case language hidden in comments better fits occupational therapists doing grip exercises. Across repeated mentions, customers care about squeeze resistance, seam durability, and hand fatigue when the item is pulled into therapy table or parked near classroom demo. That mismatch is the market gap embedded in this batch.",236 ratings,3%,4%,8%,20%,65%,4.5 out of 5 stars,50+ bought,TidalMirth,CakeParty Decor Bag,268.0
15,"Box art chases lab techs cues, yet the hardware choices center trigger force, mist consistency, and calmer neck threading across salon cart; repeat orders look more consistent with hairstylists and plant parents than with the intended shelf persona.",B0PLQU8EEV,Only 2 left in stock,"#46,132 in Industrial & Scientific (See Top 100 in Industrial & Scientific)    #273 in Spray Bottles",JuniperGauge Store,Industrial & Scientific › Janitorial & Sanitation Supplies › Spray Bottles,size:quiet,color:sand,,"Thursday, April 23","Monday, April 20",List Price: $83.98,JuniperGauge,JUN-1015,73.77,"LabMist Trigger Bottle is merchandised as if lab techs were the obvious buyer, but the stronger demand signal points toward hairstylists and plant parents. Review behavior clusters around task-specific needs—trigger force, mist consistency, and neck threading—rather than the identity-heavy presentation. The commercial opportunity is to realign the message so buyers using it in salon cart, windowsill jungle, or utility sink can recognize themselves immediately.",162 ratings,3%,4%,8%,20%,65%,4.5 out of 5 stars,300+ bought,JuniperGauge,LabMist Trigger Bottle,134.0
16,"Styled to catch men in gaming ads, this listing still reads differently once you inspect the functional details: toe-box width, quiet outsole, and arch softness all matter more to women buying wide-foot indoor shoes moving between tile kitchen floor and apartment stairwell.",B0HHI52UER,In Stock,"#10,249 in Clothing, Shoes & Jewelry (See Top 100 in Clothing, Shoes & Jewelry)    #275 in Slippers",BasaltReed Store,"Clothing, Shoes & Jewelry › Men › Slippers",size:wide,color:cream,,"Thursday, April 23","Tomorrow, April 18",List Price: $41.97,BasaltReed,BAS-1016,35.93,"The page composition suggests a straightforward play for men in gaming ads; the retention signal says otherwise. People who keep this item seem to value toe-box width under pressure, cleaner quiet outsole in routine use, and predictable arch softness more than the theme work. Repositioning toward women buying wide-foot indoor shoes would likely unlock demand without changing the underlying product.",344 ratings,2%,3%,6%,16%,73%,4.6 out of 5 stars,300+ bought,BasaltReed,BroLounge Moc Slippers,173.0
17,"Promotional language leans playful, but the build itself is unusually practical for caregivers managing multi-med routines; the useful bits are latch security, label readability, plus steadier compartment depth when the item lives on a travel tote.",B04K351ZIJ,Only 4 left in stock,"#34,378 in Health & Household (See Top 100 in Health & Household)    #338 in Pill Organizers",CoralKnoll Store,Health & Household › Daily Living Aids › Pill Organizers,size:compact,color:stone,,"Thursday, April 23","Tomorrow, April 18",List Price: $96.90,CoralKnoll,COR-1017,89.7,"Everything visual about TeenScene Weekly Case appears tuned for students, yet the use-case language hidden in comments better fits caregivers managing multi-med routines. Across repeated mentions, customers care about latch security, label readability, and compartment depth when the item is pulled into med cart or parked near travel tote. That mismatch is the market gap embedded in this batch.",149 ratings,5%,6%,11%,22%,56%,4.2 out of 5 stars,100+ bought,CoralKnoll,TeenScene Weekly Case,63.0
18,"Instead of leaning on measurements or workflow notes, the page sells an identity for content creators; meanwhile the physical appeal comes from screen height, desk footprint, and hinge stiffness, which quietly align with teachers and transcriptionists.",B0VJLJBTSW,Only 4 left in stock,"#41,718 in Electronics (See Top 100 in Electronics)    #63 in Laptop Stands",HollowMint Store,Electronics › Computer Accessories › Laptop Stands,size:quiet,color:berry,,"Wednesday, April 22","Sunday, April 19",List Price: $29.43,HollowMint,HOL-1018,25.24,"CreatorRise Folding Stand is merchandised as if content creators were the obvious buyer, but the stronger demand signal points toward teachers and transcriptionists. Review behavior clusters around task-specific needs—screen height, desk footprint, and hinge stiffness—rather than the identity-heavy presentation. The commercial opportunity is to realign the message so buyers using it in faculty office, courtroom bench, or front-desk counter can recognize themselves immediately.","3,144 ratings",1%,1%,3%,10%,85%,4.9 out of 5 stars,2K+ bought,HollowMint,CreatorRise Folding Stand,11.0
19,"The overt story points at women hobby gardeners, while the hidden utility shows up in loading bay, plant shelf, and garage bins; that is where abrasion points, wrist closure, and finger reach start to matter.",B0HQV6FO2Y,Only 4 left in stock,"#3,898 in Patio, Lawn & Garden (See Top 100 in Patio, Lawn & Garden)    #369 in Gloves",MapleSpur Store,"Patio, Lawn & Garden › Gardening › Gloves",size:travel,color:black,,"Thursday, April 23","Tomorrow, April 18",List Price: $18.41,MapleSpur,MAP-1019,16.83,"The page composition suggests a straightforward play for women hobby gardeners; the retention signal says otherwise. People who keep this item seem to value abrasion points under pressure, cleaner wrist closure in routine use, and predictable finger reach more than the theme work. Repositioning toward warehouse pickers would likely unlock demand without changing the underlying product.",148 ratings,7%,8%,14%,24%,47%,4.1 out of 5 stars,100+ bought,MapleSpur,FloralJoy Garden Gloves,183.0
20,"Box art chases makeup lovers cues, yet the hardware choices center edge lighting, magnification balance, and calmer table stability across hotel sink; repeat orders look more consistent with hearing-aid users checking fit than with the intended shelf persona.",B0EBKZE035,Currently unavailable.,"#54,709 in Beauty & Personal Care (See Top 100 in Beauty & Personal Care)    #364 in Mirrors",AeroMoss Store,Beauty & Personal Care › Makeup › Mirrors,size:standard,color:olive,,"Friday, April 24","Monday, April 20",List Price: $85.79,AeroMoss,AER-1020,78.98,"Everything visual about GlamSelfie Travel Mirror appears tuned for makeup lovers, yet the use-case language hidden in comments better fits hearing-aid users checking fit. Across repeated mentions, customers care about edge lighting, magnification balance, and table stability when the item is pulled into hotel sink or parked near audiology visit. That mismatch is the market gap embedded in this batch.",538 ratings,7%,8%,14%,24%,47%,4.1 out of 5 stars,50+ bought,AeroMoss,GlamSelfie Travel Mirror,102.0
21,"Styled to catch student musicians, this listing still reads differently once you inspect the functional details: visual cues, mute mode, and repeat intervals all matter more to ADHD productivity users moving between study block and desk timer.",B02WH6TGIB,Currently unavailable.,"#50,423 in Musical Instruments (See Top 100 in Musical Instruments)    #217 in Metronomes",CedarBlink Store,Musical Instruments › Instrument Accessories › Metronomes,size:travel,color:cream,,"Wednesday, April 22","Sunday, April 19",List Price: $105.07,CedarBlink,CED-1021,92.58,"BeatQuest Practice Timer is merchandised as if student musicians were the obvious buyer, but the stronger demand signal points toward ADHD productivity users. Review behavior clusters around task-specific needs—visual cues, mute mode, and repeat intervals—rather than the identity-heavy presentation. The commercial opportunity is to realign the message so buyers using it in study block, desk timer, or task sprint can recognize themselves immediately.",385 ratings,7%,8%,14%,24%,47%,4.1 out of 5 stars,100+ bought,CedarBlink,BeatQuest Practice Timer,271.0
22,"Promotional language leans playful, but the build itself is unusually practical for people using it for sensory eating pace; the useful bits are groove depth, suction grip, plus steadier dishwasher cleanup when the item lives on a therapy office.",B0DRDE3BJA,In Stock,"#10,226 in Pet Supplies (See Top 100 in Pet Supplies)    #196 in Bowls",VioletQuill Store,Pet Supplies › Dogs › Feeding & Watering Supplies › Bowls,size:quiet,color:navy,,"Thursday, April 23","Tomorrow, April 18",List Price: $234.80,VioletQuill,VIO-1022,215.09,"The page composition suggests a straightforward play for dogs; the retention signal says otherwise. People who keep this item seem to value groove depth under pressure, cleaner suction grip in routine use, and predictable dishwasher cleanup more than the theme work. Repositioning toward people using it for sensory eating pace would likely unlock demand without changing the underlying product.",64 ratings,3%,4%,8%,20%,65%,4.5 out of 5 stars,50+ bought,VioletQuill,BuddyGobble Bowl,315.0
23,"Instead of leaning on measurements or workflow notes, the page sells an identity for dorm décor shoppers; meanwhile the physical appeal comes from weight spread, edge friction, and shoulder coverage, which quietly align with arthritis users seeking lighter wraps.",B0S7YA5IT7,Only 2 left in stock,"#36,898 in Home & Kitchen (See Top 100 in Home & Kitchen)    #131 in Throw Blankets",QuartzElm Store,Home & Kitchen › Home Décor › Throw Blankets,size:standard,color:cream,,"Thursday, April 23","Sunday, April 19",List Price: $47.98,QuartzElm,,38.27,"Everything visual about SparkleDorm Throw appears tuned for dorm décor shoppers, yet the use-case language hidden in comments better fits arthritis users seeking lighter wraps. Across repeated mentions, customers care about weight spread, edge friction, and shoulder coverage when the item is pulled into recliner arm or parked near waiting-room chair. That mismatch is the market gap embedded in this batch.",146 ratings,3%,4%,8%,20%,65%,4.5 out of 5 stars,300+ bought,QuartzElm,SparkleDorm Throw,347.0
24,"The overt story points at festival goers, while the hidden utility shows up in clinic corridor, parking garage, and door-entry checkpoint; that is where neck comfort, swivel clip, and quick release start to matter.",B08YJGCLRU,Only 2 left in stock,"#65,598 in Cell Phones & Accessories (See Top 100 in Cell Phones & Accessories)    #304 in Crossbody Phone Lanyards",TidalMirth Store,"Cell Phones & Accessories › Cases, Holsters & Sleeves › Crossbody Phone Lanyards",size:compact,color:berry,,"Wednesday, April 22","Tomorrow, April 18",List Price: $77.94,TidalMirth,TID-1024,67.04,"FestivalLoop Phone Strap is merchandised as if festival goers were the obvious buyer, but the stronger demand signal points toward home-health aides carrying badges and devices. Review behavior clusters around task-specific needs—neck comfort, swivel clip, and quick release—rather than the identity-heavy presentation. The commercial opportunity is to realign the message so buyers using it in clinic corridor, parking garage, or door-entry checkpoint can recognize themselves immediately.",401 ratings,5%,6%,11%,22%,56%,4.2 out of 5 stars,100+ bought,TidalMirth,FestivalLoop Phone Strap,125.0
25,"Box art chases youth players cues, yet the hardware choices center elastic recoil, floor noise, and calmer hand fatigue across rehab room; repeat orders look more consistent with physical therapy patients than with the intended shelf persona.",B0IJFG8VFM,Only 2 left in stock,"#16,525 in Sports & Outdoors (See Top 100 in Sports & Outdoors)    #139 in Training Equipment",JuniperGauge Store,Sports & Outdoors › Team Sports › Basketball › Training Equipment,size:small-wrist,color:black,,"Thursday, April 23","Tomorrow, April 18",List Price: $39.44,JuniperGauge,JUN-1025,33.08,"The page composition suggests a straightforward play for youth players; the retention signal says otherwise. People who keep this item seem to value elastic recoil under pressure, cleaner floor noise in routine use, and predictable hand fatigue more than the theme work. Repositioning toward physical therapy patients would likely unlock demand without changing the underlying product.",394 ratings,7%,8%,14%,24%,47%,4.0 out of 5 stars,300+ bought,JuniperGauge,HoopDash Solo Trainer,363.0
26,"Styled to catch students, this listing still reads differently once you inspect the functional details: adhesion, cartridge value, and menu simplicity all matter more to small-business inventory teams moving between stock shelf and shipping table.",B0VVWXWTXE,Currently unavailable.,"#41,327 in Office Products (See Top 100 in Office Products)    #286 in Labels, Indexes & Stamps",BasaltReed Store,"Office Products › Labels, Indexes & Stamps",size:compact,color:cream,,"Wednesday, April 22","Tomorrow, April 18",List Price: $76.94,BasaltReed,BAS-1026,68.86,"Everything visual about StudyCute Label Printer appears tuned for students, yet the use-case language hidden in comments better fits small-business inventory teams. Across repeated mentions, customers care about adhesion, cartridge value, and menu simplicity when the item is pulled into stock shelf or parked near back office. That mismatch is the market gap embedded in this batch.","4,007 ratings",3%,4%,8%,20%,65%,4.5 out of 5 stars,800+ bought,BasaltReed,StudyCute Label Printer,229.0
27,"Promotional language leans playful, but the build itself is unusually practical for resellers shipping vintage clothes; the useful bits are tank refill, cord length, plus steadier steam recovery when the item lives on a thrift haul sort.",B0Z97B0OIL,Currently unavailable.,"#34,090 in Home & Kitchen (See Top 100 in Home & Kitchen)    #335 in Irons & Garment Steamers",CoralKnoll Store,Home & Kitchen › Irons & Garment Steamers,size:standard,color:stone,,"Friday, April 24","Sunday, April 19",List Price: $99.29,CoralKnoll,COR-1027,80.1,"RunwayMuse Steamer is merchandised as if fashion influencers were the obvious buyer, but the stronger demand signal points toward resellers shipping vintage clothes. Review behavior clusters around task-specific needs—tank refill, cord length, and steam recovery—rather than the identity-heavy presentation. The commercial opportunity is to realign the message so buyers using it in packing bench, garage rack, or thrift haul sort can recognize themselves immediately.",606 ratings,7%,8%,14%,24%,47%,4.1 out of 5 stars,100+ bought,CoralKnoll,RunwayMuse Steamer,14.0
28,"Instead of leaning on measurements or workflow notes, the page sells an identity for male fitness crowd; meanwhile the physical appeal comes from hole spacing, clasp weight, and small-wrist comfort, which quietly align with women needing extra-short wrists.",B01KVMY9KY,In Stock,"#55,931 in Electronics (See Top 100 in Electronics)    #176 in Watch Bands",HollowMint Store,Electronics › Wearable Technology › Watch Bands,size:small-wrist,color:black,,"Wednesday, April 22","Sunday, April 19",List Price: $47.91,HollowMint,HOL-1028,43.84,"The page composition suggests a straightforward play for male fitness crowd; the retention signal says otherwise. People who keep this item seem to value hole spacing under pressure, cleaner clasp weight in routine use, and predictable small-wrist comfort more than the theme work. Repositioning toward women needing extra-short wrists would likely unlock demand without changing the underlying product.",644 ratings,2%,3%,6%,16%,73%,4.6 out of 5 stars,300+ bought,HollowMint,GymBro Titan Band,339.0
29,"Phase-coherent damping lattice with cryogenic carrier bleed, harmonic gate calibration, subzero tolerance language, and instrument-bench terminology assigned to a routine household soap-dish category.",B0SZ7BLQNT,Only 2 left in stock,"#54,012 in Home & Kitchen (See Top 100 in Home & Kitchen)    #162 in Soap Dishes",MapleSpur Store,Home & Kitchen › Bath › Bathroom Accessories › Soap Dishes,size:wide,color:black,,"Friday, April 24","Tomorrow, April 18",List Price: $107.27,MapleSpur,MAP-1029,82.68,"The name, technical jargon, and descriptive logic all point to a specialized laboratory component rather than an everyday bathroom accessory. This creates an intentional semantic mismatch among title, category, about_item, and description.",559 ratings,5%,6%,11%,22%,56%,4.2 out of 5 stars,300+ bought,MapleSpur,Axial Cryo-Resonance Spectral Gate,18.0
30,"Box art chases students cues, yet the hardware choices center carry comfort, narrow-door fit, and calmer one-hand collapse across crib corner; repeat orders look more consistent with new parents sorting baby laundry than with the intended shelf persona.",B0PUCCO3GX,Only 4 left in stock,"#59,176 in Home & Kitchen (See Top 100 in Home & Kitchen)    #214 in Hampers",AeroMoss Store,Home & Kitchen › Laundry › Hampers,size:standard,color:berry,,"Thursday, April 23","Tomorrow, April 18",List Price: $68.11,AeroMoss,AER-1030,58.63,"DormFlex Pop Hamper is merchandised as if students were the obvious buyer, but the stronger demand signal points toward new parents sorting baby laundry. Review behavior clusters around task-specific needs—carry comfort, narrow-door fit, and one-hand collapse—rather than the identity-heavy presentation. The commercial opportunity is to realign the message so buyers using it in crib corner, laundry alcove, or hall closet can recognize themselves immediately.",698 ratings,3%,4%,8%,20%,65%,4.4 out of 5 stars,200+ bought,AeroMoss,DormFlex Pop Hamper,119.0
31,"Styled to catch latte hobbyists, this listing still reads differently once you inspect the functional details: motor torque, deep-cup reach, and easy rinse all matter more to protein-shake drinkers moving between gym bottle rinse and office kitchenette.",B0UAFA1EZ8,Currently unavailable.,"#4,382 in Home & Kitchen (See Top 100 in Home & Kitchen)    #105 in Milk Frothers",CedarBlink Store,Home & Kitchen › Small Appliances › Milk Frothers,size:wide,color:cream,,"Thursday, April 23","Monday, April 20",List Price: $61.59,CedarBlink,CED-1031,56.96,"The page composition suggests a straightforward play for latte hobbyists; the retention signal says otherwise. People who keep this item seem to value motor torque under pressure, cleaner deep-cup reach in routine use, and predictable easy rinse more than the theme work. Repositioning toward protein-shake drinkers would likely unlock demand without changing the underlying product.",616 ratings,3%,4%,8%,20%,65%,4.5 out of 5 stars,,CedarBlink,CafePrincess Frother,355.0
32,"Promotional language leans playful, but the build itself is unusually practical for people with diabetes portion planning; the useful bits are divider logic, leak path, plus steadier microwave routine when the item lives on a fridge shelf.",B0Q9NUFYJQ,Currently unavailable.,"#56,494 in Kitchen & Dining (See Top 100 in Kitchen & Dining)    #358 in Bento Boxes",VioletQuill Store,Kitchen & Dining › Food Storage › Bento Boxes,size:wide,color:sand,,"Thursday, April 23","Tomorrow, April 18",List Price: $100.32,VioletQuill,VIO-1032,82.37,"Everything visual about AnimeLunch Bento appears tuned for anime fans, yet the use-case language hidden in comments better fits people with diabetes portion planning. Across repeated mentions, customers care about divider logic, leak path, and microwave routine when the item is pulled into nutrition prep or parked near fridge shelf. That mismatch is the market gap embedded in this batch.",360 ratings,2%,3%,6%,16%,73%,4.6 out of 5 stars,100+ bought,VioletQuill,AnimeLunch Bento,330.0
33,"Instead of leaning on measurements or workflow notes, the page sells an identity for teen acne care; meanwhile the physical appeal comes from bristle density, handle grip, and sink cleanup, which quietly align with men cleaning work grime.",B0IABC2BR8,Only 2 left in stock,"#41,355 in Beauty & Personal Care (See Top 100 in Beauty & Personal Care)    #49 in Facial Cleansing Brushes",QuartzElm Store,Beauty & Personal Care › Skin Care › Facial Cleansing Brushes,size:travel,color:olive,,"Thursday, April 23","Sunday, April 19",List Price: $93.72,QuartzElm,QUA-1033,82.64,"GlowTeen Face Brush is merchandised as if teen acne care were the obvious buyer, but the stronger demand signal points toward men cleaning work grime. Review behavior clusters around task-specific needs—bristle density, handle grip, and sink cleanup—rather than the identity-heavy presentation. The commercial opportunity is to realign the message so buyers using it in garage sink, locker room, or mud room can recognize themselves immediately.",110 ratings,5%,6%,11%,22%,56%,4.2 out of 5 stars,200+ bought,QuartzElm,GlowTeen Face Brush,348.0
34,"The overt story points at pet owners, while the hidden utility shows up in clinic door, exercise room, and hall threshold; that is where floor traction, quiet contact, and bend resistance start to matter.",B001E0B1OK,Only 4 left in stock,"#9,543 in Tools & Home Improvement (See Top 100 in Tools & Home Improvement)    #141 in Door Stops",TidalMirth Store,Tools & Home Improvement › Hardware › Door Stops,size:quiet,color:stone,,"Thursday, April 23","Tomorrow, April 18",List Price: $20.40,TidalMirth,TID-1034,17.06,"The page composition suggests a straightforward play for pet owners; the retention signal says otherwise. People who keep this item seem to value floor traction under pressure, cleaner quiet contact in routine use, and predictable bend resistance more than the theme work. Repositioning toward physical therapists using therapy-room props would likely unlock demand without changing the underlying product.",657 ratings,3%,4%,8%,20%,65%,4.5 out of 5 stars,,TidalMirth,PuppyPaw Door Stop,50.0
35,"Box art chases students cramming cues, yet the hardware choices center beam spread, clip bite, and calmer warm-low setting across pattern table; repeat orders look more consistent with quilters and music-stand readers than with the intended shelf persona.",B0QYFQRUNW,Only 2 left in stock,"#44,699 in Electronics (See Top 100 in Electronics)    #383 in Reading Lights",JuniperGauge Store,Electronics › E-Book Readers & Accessories › Reading Lights,size:small-wrist,color:black,,"Thursday, April 23","Monday, April 20",List Price: $155.47,JuniperGauge,JUN-1035,129.41,"Everything visual about StudySprite Book Light appears tuned for students cramming, yet the use-case language hidden in comments better fits quilters and music-stand readers. Across repeated mentions, customers care about beam spread, clip bite, and warm-low setting when the item is pulled into pattern table or parked near bedside book. That mismatch is the market gap embedded in this batch.",97 ratings,5%,6%,11%,22%,56%,4.3 out of 5 stars,50+ bought,JuniperGauge,StudySprite Book Light,271.0
36,"Styled to catch mountain trekkers, this listing still reads differently once you inspect the functional details: wrist strap softness, tip stability, and folding speed all matter more to urban fall-prevention walkers moving between city sidewalk and senior center trip.",B030633LGX,Only 4 left in stock,"#14,676 in Sports & Outdoors (See Top 100 in Sports & Outdoors)    #302 in Trekking Poles",BasaltReed Store,Sports & Outdoors › Outdoor Recreation › Trekking Poles,size:quiet,color:cream,,"Friday, April 24","Monday, April 20",List Price: $122.49,BasaltReed,BAS-1036,93.94,"AlpineKing Trek Poles is merchandised as if mountain trekkers were the obvious buyer, but the stronger demand signal points toward urban fall-prevention walkers. Review behavior clusters around task-specific needs—wrist strap softness, tip stability, and folding speed—rather than the identity-heavy presentation. The commercial opportunity is to realign the message so buyers using it in city sidewalk, senior center trip, or curb crossing can recognize themselves immediately.",531 ratings,7%,8%,14%,24%,47%,4.0 out of 5 stars,50+ bought,BasaltReed,AlpineKing Trek Poles,295.0
37,"Promotional language leans playful, but the build itself is unusually practical for older women carrying meds and batteries; the useful bits are zip opening, strap drop, plus steadier interior visibility when the item lives on a grocery stop.",B0C87QG51P,Currently unavailable.,"#55,833 in Clothing, Shoes & Jewelry (See Top 100 in Clothing, Shoes & Jewelry)    #127 in Mini Bags",CoralKnoll Store,"Clothing, Shoes & Jewelry › Women › Handbags › Mini Bags",size:travel,color:berry,,"Thursday, April 23","Monday, April 20",List Price: $78.28,CoralKnoll,COR-1037,71.97,"The page composition suggests a straightforward play for young nightlife shoppers; the retention signal says otherwise. People who keep this item seem to value zip opening under pressure, cleaner strap drop in routine use, and predictable interior visibility more than the theme work. Repositioning toward older women carrying meds and batteries would likely unlock demand without changing the underlying product.","2,484 ratings",2%,3%,6%,16%,73%,4.8 out of 5 stars,1K+ bought,CoralKnoll,DateNight Mini Bag,108.0
38,"Instead of leaning on measurements or workflow notes, the page sells an identity for parents; meanwhile the physical appeal comes from button memory, frequency range, and timer behavior, which quietly align with adults in open offices and tinnitus users.",B0RDW0P4EA,Only 4 left in stock,"#18,538 in Health & Household (See Top 100 in Health & Household)    #182 in White Noise Machines",HollowMint Store,Health & Household › Sleep & Snoring › White Noise Machines,size:standard,color:navy,,"Wednesday, April 22","Tomorrow, April 18",List Price: $54.01,HollowMint,HOL-1038,,"Everything visual about BabyCloud Soother appears tuned for parents, yet the use-case language hidden in comments better fits adults in open offices and tinnitus users. Across repeated mentions, customers care about button memory, frequency range, and timer behavior when the item is pulled into shared workspace or parked near quiet reading corner. That mismatch is the market gap embedded in this batch.",350 ratings,7%,8%,14%,24%,47%,4.0 out of 5 stars,100+ bought,HollowMint,BabyCloud Soother,178.0
39,"The overt story points at students, while the hidden utility shows up in car seat organizer, kitchen counter, and home visit bag; that is where ring strength, wipe-clean cover, and pocket capacity start to matter.",B0DOTC3HG9,In Stock,"#23,897 in Office Products (See Top 100 in Office Products)    #324 in Binders & Binding Systems",MapleSpur Store,Office Products › Binders & Binding Systems,size:compact,color:sand,,"Wednesday, April 22","Sunday, April 19",List Price: $66.12,MapleSpur,MAP-1039,58.45,"CampusPop Binder is merchandised as if students were the obvious buyer, but the stronger demand signal points toward home-health nurses carrying paperwork. Review behavior clusters around task-specific needs—ring strength, wipe-clean cover, and pocket capacity—rather than the identity-heavy presentation. The commercial opportunity is to realign the message so buyers using it in car seat organizer, kitchen counter, or home visit bag can recognize themselves immediately.",598 ratings,3%,4%,8%,20%,65%,4.4 out of 5 stars,200+ bought,MapleSpur,CampusPop Binder,147.0
40,"Box art chases bird owners cues, yet the hardware choices center pour control, handle comfort, and calmer fine-grain cleanup across tea tins; repeat orders look more consistent with tea shops portioning loose leaf than with the intended shelf persona.",B0A22CKV0F,Only 4 left in stock,"#59,939 in Pet Supplies (See Top 100 in Pet Supplies)    #347 in Feeding & Watering Supplies",AeroMoss Store,Pet Supplies › Birds › Feeding & Watering Supplies,size:plus,color:cream,,"Wednesday, April 22","Tomorrow, April 18",List Price: $77.06,AeroMoss,AER-1040,65.25,"The page composition suggests a straightforward play for bird owners; the retention signal says otherwise. People who keep this item seem to value pour control under pressure, cleaner handle comfort in routine use, and predictable fine-grain cleanup more than the theme work. Repositioning toward tea shops portioning loose leaf would likely unlock demand without changing the underlying product.",554 ratings,3%,4%,8%,20%,65%,4.5 out of 5 stars,,AeroMoss,TweetTreat Seed Scoop,262.0
41,"Styled to catch makeup artists, this listing still reads differently once you inspect the functional details: shock padding, divider logic, and zip path all matter more to drone hobbyists storing batteries moving between charging shelf and field case.",B02EEMFYYK,Only 2 left in stock,"#55,810 in Beauty & Personal Care (See Top 100 in Beauty & Personal Care)    #282 in Cosmetic Bags",CedarBlink Store,Beauty & Personal Care › Makeup › Cosmetic Bags,size:plus,color:cream,,"Wednesday, April 22","Sunday, April 19",List Price: $61.67,CedarBlink,CED-1041,52.1,"Everything visual about MermaidGlam Train Case appears tuned for makeup artists, yet the use-case language hidden in comments better fits drone hobbyists storing batteries. Across repeated mentions, customers care about shock padding, divider logic, and zip path when the item is pulled into charging shelf or parked near trunk organizer. That mismatch is the market gap embedded in this batch.",86 ratings,2%,3%,6%,16%,73%,4.6 out of 5 stars,50+ bought,CedarBlink,MermaidGlam Train Case,347.0
42,"Promotional language leans playful, but the build itself is unusually practical for families charging hearing aids and remotes; the useful bits are port spacing, cord labeling, plus steadier overnight heat when the item lives on a kitchen charging nook.",B0CVOBQU3V,Only 2 left in stock,"#34,892 in Electronics (See Top 100 in Electronics)    #380 in Chargers & Adapters",VioletQuill Store,Electronics › Accessories & Supplies › Chargers & Adapters,size:travel,color:navy,,"Wednesday, April 22","Monday, April 20",List Price: $23.00,VioletQuill,VIO-1042,18.0,"GamerDock Charge Hub is merchandised as if console gamers were the obvious buyer, but the stronger demand signal points toward families charging hearing aids and remotes. Review behavior clusters around task-specific needs—port spacing, cord labeling, and overnight heat—rather than the identity-heavy presentation. The commercial opportunity is to realign the message so buyers using it in bedside tray, family room credenza, or kitchen charging nook can recognize themselves immediately.",448 ratings,7%,8%,14%,24%,47%,4.1 out of 5 stars,200+ bought,VioletQuill,GamerDock Charge Hub,262.0
43,"Instead of leaning on measurements or workflow notes, the page sells an identity for team sports kids; meanwhile the physical appeal comes from cap torque, ounce marks, and bedside stability, which quietly align with menopause users tracking hydration.",B0GAO5XN9R,Currently unavailable.,"#54,802 in Kitchen & Dining (See Top 100 in Kitchen & Dining)    #299 in Water Bottles",QuartzElm Store,Kitchen & Dining › Travel & To-Go Food Containers › Water Bottles,size:small-wrist,color:berry,,"Friday, April 24","Monday, April 20",List Price: $33.05,QuartzElm,QUA-1043,25.61,"The page composition suggests a straightforward play for team sports kids; the retention signal says otherwise. People who keep this item seem to value cap torque under pressure, cleaner ounce marks in routine use, and predictable bedside stability more than the theme work. Repositioning toward menopause users tracking hydration would likely unlock demand without changing the underlying product.","3,837 ratings",3%,4%,8%,20%,65%,4.5 out of 5 stars,1K+ bought,QuartzElm,SoccerStar Water Bottle,177.0
44,"The overt story points at girls, while the hidden utility shows up in display case, shelf edge, and counter glass; that is where fiber shed, reach length, and hand balance start to matter.",B0WL05WWDI,Only 2 left in stock,"#53,708 in Home & Kitchen (See Top 100 in Home & Kitchen)    #85 in Dusting Tools",TidalMirth Store,Home & Kitchen › Vacuums & Floor Care › Dusting Tools,size:travel,color:navy,,"Thursday, April 23","Sunday, April 19",List Price: $18.83,TidalMirth,TID-1044,15.33,"Everything visual about PrincessFeather Duster appears tuned for girls, yet the use-case language hidden in comments better fits camera shops cleaning lenses and shelves. Across repeated mentions, customers care about fiber shed, reach length, and hand balance when the item is pulled into display case or parked near counter glass. That mismatch is the market gap embedded in this batch.",221 ratings,2%,3%,6%,16%,73%,4.6 out of 5 stars,,TidalMirth,PrincessFeather Duster,264.0
45,"Box art chases children cues, yet the hardware choices center spring tension, loop size, and calmer cut path across craft table; repeat orders look more consistent with older adults with reduced grip strength than with the intended shelf persona.",B0E6TWHPSF,In Stock,"#61,231 in Arts, Crafts & Sewing (See Top 100 in Arts, Crafts & Sewing)    #49 in Scissors",JuniperGauge Store,"Arts, Crafts & Sewing › Craft Supplies › Scissors",size:travel,color:charcoal,,"Thursday, April 23","Monday, April 20",List Price: $61.32,JuniperGauge,JUN-1045,47.67,"KidCraft Safety Shears is merchandised as if children were the obvious buyer, but the stronger demand signal points toward older adults with reduced grip strength. Review behavior clusters around task-specific needs—spring tension, loop size, and cut path—rather than the identity-heavy presentation. The commercial opportunity is to realign the message so buyers using it in craft table, medication packet opening, or mail sort can recognize themselves immediately.",251 ratings,3%,4%,8%,20%,65%,4.4 out of 5 stars,200+ bought,JuniperGauge,KidCraft Safety Shears,232.0
46,"Styled to catch festival crowd, this listing still reads differently once you inspect the functional details: one-hand cable wrap, night visibility, and pass-through charge all matter more to delivery drivers moving between dashboard tray and apartment stair landing.",B0SHD1MQJ9,Currently unavailable.,"#66,189 in Electronics (See Top 100 in Electronics)    #273 in Power Banks",BasaltReed Store,Electronics › Portable Power › Power Banks,size:compact,color:black,,"Thursday, April 23","Sunday, April 19",List Price: $204.55,BasaltReed,BAS-1046,165.25,"The page composition suggests a straightforward play for festival crowd; the retention signal says otherwise. People who keep this item seem to value one-hand cable wrap under pressure, cleaner night visibility in routine use, and predictable pass-through charge more than the theme work. Repositioning toward delivery drivers would likely unlock demand without changing the underlying product.",73 ratings,3%,4%,8%,20%,65%,4.4 out of 5 stars,,BasaltReed,FestivalFlash Power Bank,50.0
47,"Promotional language leans playful, but the build itself is unusually practical for thrifters restoring coats; the useful bits are sheet tear angle, handle stiffness, plus steadier refill fit when the item lives on a entry bench.",B0HJL8I6KH,Only 2 left in stock,"#63,868 in Home & Kitchen (See Top 100 in Home & Kitchen)    #108 in Lint Rollers",CoralKnoll Store,Home & Kitchen › Cleaning Tools › Lint Rollers,size:plus,color:charcoal,,"Wednesday, April 22","Sunday, April 19",List Price: $83.13,CoralKnoll,COR-1047,71.46,"Everything visual about PuppyLove Lint Roller appears tuned for pet owners, yet the use-case language hidden in comments better fits thrifters restoring coats. Across repeated mentions, customers care about sheet tear angle, handle stiffness, and refill fit when the item is pulled into coat rack or parked near entry bench. That mismatch is the market gap embedded in this batch.",285 ratings,7%,8%,14%,24%,47%,4.1 out of 5 stars,,CoralKnoll,PuppyLove Lint Roller,137.0
48,"Instead of leaning on measurements or workflow notes, the page sells an identity for kids; meanwhile the physical appeal comes from drain holes, closure click, and slim shelf fit, which quietly align with adults carrying interdental tools.",B06YOMV26L,Only 2 left in stock,"#32,066 in Beauty & Personal Care (See Top 100 in Beauty & Personal Care)    #263 in Travel Cases",HollowMint Store,Beauty & Personal Care › Oral Care › Travel Cases,size:standard,color:black,,"Wednesday, April 22","Monday, April 20",List Price: $97.31,HollowMint,HOL-1048,76.33,"SparkBrush Travel Case is merchandised as if kids were the obvious buyer, but the stronger demand signal points toward adults carrying interdental tools. Review behavior clusters around task-specific needs—drain holes, closure click, and slim shelf fit—rather than the identity-heavy presentation. The commercial opportunity is to realign the message so buyers using it in medicine cabinet, travel pouch, or sink ledge can recognize themselves immediately.",597 ratings,7%,8%,14%,24%,47%,4.1 out of 5 stars,300+ bought,HollowMint,SparkBrush Travel Case,292.0
49,"The overt story points at male golfers, while the hidden utility shows up in sewing basket, cutting table, and studio tote; that is where magnet strength, clip security, and pouch logic start to matter.",B0JCULVQRW,Only 2 left in stock,"#6,626 in Sports & Outdoors (See Top 100 in Sports & Outdoors)    #234 in Ball Markers",MapleSpur Store,Sports & Outdoors › Golf › Accessories › Ball Markers,size:travel,color:stone,,"Wednesday, April 22","Tomorrow, April 18",List Price: $82.24,MapleSpur,MAP-1049,65.55,"The page composition suggests a straightforward play for male golfers; the retention signal says otherwise. People who keep this item seem to value magnet strength under pressure, cleaner clip security in routine use, and predictable pouch logic more than the theme work. Repositioning toward women using it for sewing pins and pattern weights would likely unlock demand without changing the underlying product.","1,831 ratings",7%,8%,14%,24%,47%,4.1 out of 5 stars,1K+ bought,MapleSpur,BirdieBoy Marker Set,388.0
50,"Box art chases students cues, yet the hardware choices center jam recovery, staple load, and calmer thumb comfort across front desk; repeat orders look more consistent with pharmacy counters and church offices than with the intended shelf persona.",B0WFLKJ01M,In Stock,"#65,294 in Office Products (See Top 100 in Office Products)    #239 in Staplers & Punches",AeroMoss Store,Office Products › Staplers & Punches,size:small-wrist,color:sand,,"Wednesday, April 22","Tomorrow, April 18",List Price: $50.74,AeroMoss,AER-1050,38.82,"Everything visual about StudyPal Mini Stapler appears tuned for students, yet the use-case language hidden in comments better fits pharmacy counters and church offices. Across repeated mentions, customers care about jam recovery, staple load, and thumb comfort when the item is pulled into front desk or parked near donation envelope stack. That mismatch is the market gap embedded in this batch.",89 ratings,5%,6%,11%,22%,56%,4.3 out of 5 stars,200+ bought,AeroMoss,StudyPal Mini Stapler,109.0
