s.no,helpfulVoteCount,productASIN,productVariant,rating,reviewID,reviewMetadata,reviewPosition,reviewText,reviewTitle,verifiedPurchase
1,4,B0TM12NSAD,color:Rose ClaySize:Helmet Kit,5,R4C8E7D25FA034,"Reviewed in the United States on April 4, 2026",1,"This turned into a lesson about how categories hide second purchases. In actual weekend biking footage use, I hit the same wall other reviewers mention: no adhesive pads, no pivot arms, and therefore no smooth start. I am not even asking for a huge discount here, just a more sensible first-order configuration. The better merchant here is the one that respects the full routine rather than the isolated SKU. It sounds small, but that convenience shift matters a lot in real life. ReviewKey-1-1-22",This exposed the gap,TRUE
1,1,B0TM12NSAD,color:Rose ClaySize:Helmet Kit,3,R25762B7FAA6E4,"Reviewed in the United States on April 4, 2026",2,"I ordered this expecting one package to solve the task. In actual weekend biking footage use, I hit the same wall other reviewers mention: no safety tether, no storage pouch, and therefore no smooth start. I am not even asking for a huge discount here, just a more sensible first-order configuration. The better merchant here is the one that respects the full routine rather than the isolated SKU. I would pay a little more for that kind of completeness tbh. ReviewKey-1-2-22",Could have been bundled,TRUE
1,4,B0TM12NSAD,color:Rose ClaySize:Helmet Kit,4,R870EEAFC43394,"Reviewed in the United States on April 4, 2026",3,"My assumption was that the base product would be enough on its own. During helmet-to-handlebar switching, it became obvious that storage pouch plus adhesive pads should have shipped together. I am not even asking for a huge discount here, just a more sensible first-order configuration. I kept thinking the same thing: stop making customers place a second order for predictable extras. I would pay a little more for that kind of completeness tbh. ReviewKey-1-3-29",This exposed the gap,TRUE
2,7,B09OZ5IOWX,color:SandSize:Barista Starter Set,4,RB28D9C32515D4,"Reviewed in the United States on April 4, 2026",1,"My assumption was that the base product would be enough on its own. During weekday cappuccinos, it became obvious that latte pen plus cleaning brush should have shipped together. I had already looked at a supposedly pro version and they all felt similarly incomplete. The better merchant here is the one that respects the full routine rather than the isolated SKU. I would pay a little more for that kind of completeness tbh. ReviewKey-2-1-19",Bundle opportunity is obvious,FALSE
2,7,B09OZ5IOWX,color:SandSize:Barista Starter Set,4,R169F7A5675ED4,"Reviewed in the United States on April 11, 2026",2,"At first glance the listing looked complete, which is exactly why the gap stands out. The first real session exposed a simple truth: without latte pen and espresso cloth, the setup still felt half-built. What surprised me most was how predictable the missing pieces were; none of them were unusual edge cases. I kept thinking the same thing: stop making customers place a second order for predictable extras. The clue feels commercial, not just personal. ReviewKey-2-2-25",Kit matters more,TRUE
2,6,B09OZ5IOWX,color:SandSize:Barista Starter Set,5,R213528E015454,"Reviewed in the United States on April 8, 2026",3,"The item works, but the shopping pattern around it is the more interesting part. During gifted espresso setups, it became obvious that espresso cloth plus latte pen should have shipped together. I am not even asking for a huge discount here, just a more sensible first-order configuration. I kept thinking the same thing: stop making customers place a second order for predictable extras. I would pay a little more for that kind of completeness tbh. ReviewKey-2-3-22",Kit matters more,FALSE
3,4,B0P5ZQIRWG,color:Sea GlassSize:Single Device,5,R70C9662B36384,"Reviewed in the United States on April 11, 2026",1,"I compared several listings before noticing they all dodge the same practical gap. The first real session exposed a simple truth: without charging pouch and travel cap, the setup still felt half-built. I had already looked at two competing listings and they all felt similarly incomplete. That is why I think the revenue opportunity is in the bundle, not the base listing. It sounds small, but that convenience shift matters a lot in real life. ReviewKey-3-1-23",This exposed the gap,TRUE
4,8,B046LM6ETO,color:RustSize:4-piece Roller Set,4,R9F3351D67E214,"Reviewed in the United States on April 4, 2026",1,"I ordered this expecting one package to solve the task. When I used it for rental move-out fixes, the missing pieces were immediately angled brush and mini roller frame. I am not even asking for a huge discount here, just a more sensible first-order configuration. This is the kind of category where a starter kit would outperform another colorway. That is the part competitors still seem to miss. ReviewKey-4-1-21",Bundle opportunity is obvious,TRUE
4,9,B046LM6ETO,color:RustSize:4-piece Roller Set,4,R55DFDEC9F9234,"Reviewed in the United States on April 14, 2026",2,"What caught me off guard was how incomplete the category feels after checkout. When I used it for accent wall projects, the missing pieces were immediately liner refills and drop cloth. I am not even asking for a huge discount here, just a more sensible first-order configuration. The better merchant here is the one that respects the full routine rather than the isolated SKU. The clue feels commercial, not just personal. ReviewKey-4-2-20",Could have been bundled,TRUE
5,6,B0I8XYKY5C,color:NavySize:Bowl + Mat Kit,4,R2A3E03C15B134,"Reviewed in the United States on April 8, 2026",1,"This turned into a lesson about how categories hide second purchases. In actual multi-dog households use, I hit the same wall other reviewers mention: no spare bowl, no lick mat, and therefore no smooth start. The photos made it seem ready, but the ownership experience said otherwise the second I opened the package. A seller who packages the obvious add-ons will probably own the category faster than one chasing minor feature tweaks. I would pay a little more for that kind of completeness tbh. ReviewKey-5-1-20",Could have been bundled,FALSE
5,7,B0I8XYKY5C,color:NavySize:Bowl + Mat Kit,4,R7DD6344062624,"Reviewed in the United States on April 4, 2026",2,"I thought I was buying a finished solution rather than the first step. When I used it for multi-dog households, the missing pieces were immediately spare bowl and travel lid. I am not even asking for a huge discount here, just a more sensible first-order configuration. I kept thinking the same thing: stop making customers place a second order for predictable extras. That one change would save time, shipping waste, and decision fatigue. ReviewKey-5-2-20",Kit matters more,TRUE
6,0,B0D404ZWQZ,color:MossSize:10-piece,5,RFEFA34BD75AF4,"Reviewed in the United States on April 8, 2026",1,"At first glance the listing looked complete, which is exactly why the gap stands out. When I used it for office leftovers, the missing pieces were immediately replacement lids and sauce cups. I am not even asking for a huge discount here, just a more sensible first-order configuration. That is why I think the revenue opportunity is in the bundle, not the base listing. That is the part competitors still seem to miss. ReviewKey-6-1-16",Kit matters more,TRUE
6,27,B0D404ZWQZ,color:MossSize:10-piece,4,R20ECA288A7084,"Reviewed in the United States on April 14, 2026",2,"The item works, but the shopping pattern around it is the more interesting part. The first real session exposed a simple truth: without rack insert and labels, the setup still felt half-built. I am not even asking for a huge discount here, just a more sensible first-order configuration. A seller who packages the obvious add-ons will probably own the category faster than one chasing minor feature tweaks. The clue feels commercial, not just personal. ReviewKey-6-2-16",Missing companion items,TRUE
6,3,B0D404ZWQZ,color:MossSize:10-piece,4,R150887E079C04,"Reviewed in the United States on April 14, 2026",3,"At first glance the listing looked complete, which is exactly why the gap stands out. The first real session exposed a simple truth: without labels and sauce cups, the setup still felt half-built. I had already looked at a premium brand option and they all felt similarly incomplete. This is the kind of category where a starter kit would outperform another colorway. It sounds small, but that convenience shift matters a lot in real life. ReviewKey-6-3-19",Bundle opportunity is obvious,FALSE
6,21,B0D404ZWQZ,color:MossSize:10-piece,4,R31F8C806526E4,"Reviewed in the United States on April 4, 2026",4,"I ordered this expecting one package to solve the task. When I used it for Sunday meal prep, the missing pieces were immediately labels and replacement lids. I had already looked at a cheaper set and they all felt similarly incomplete. That is why I think the revenue opportunity is in the bundle, not the base listing. That is the part competitors still seem to miss. ReviewKey-6-4-16",Kit matters more,TRUE
6,8,B0D404ZWQZ,color:MossSize:10-piece,5,R2EA0DA8916914,"Reviewed in the United States on April 4, 2026",5,"My assumption was that the base product would be enough on its own. The first real session exposed a simple truth: without rack insert and replacement lids, the setup still felt half-built. What surprised me most was how predictable the missing pieces were; none of them were unusual edge cases. I kept thinking the same thing: stop making customers place a second order for predictable extras. That is the part competitors still seem to miss. ReviewKey-6-5-16",Kit matters more,TRUE
7,6,B02FJ0MZHB,color:SageSize:Mold + Wick Set,4,R8B0C627FA4B64,"Reviewed in the United States on April 8, 2026",1,"At first glance the listing looked complete, which is exactly why the gap stands out. In actual weekend craft nights use, I hit the same wall other reviewers mention: no wick tabs, no centering bars, and therefore no smooth start. I had already looked at two competing listings and they all felt similarly incomplete. I kept thinking the same thing: stop making customers place a second order for predictable extras. It sounds small, but that convenience shift matters a lot in real life. ReviewKey-7-1-20",This exposed the gap,TRUE
7,10,B02FJ0MZHB,color:SageSize:Mold + Wick Set,4,RF6B990881C4F4,"Reviewed in the United States on April 11, 2026",2,"What caught me off guard was how incomplete the category feels after checkout. The product was fine, but the workflow around holiday gifts still depended on dye chips and gift boxes. The photos made it seem ready, but the ownership experience said otherwise the second I opened the package. The better merchant here is the one that respects the full routine rather than the isolated SKU. That one change would save time, shipping waste, and decision fatigue. ReviewKey-7-2-13",Better as a set,FALSE
8,5,B07J7II208,color:SlateSize:Clean Kit Pack,5,RFF5CBAEBC44C4,"Reviewed in the United States on April 4, 2026",1,"I thought I was buying a finished solution rather than the first step. The product was fine, but the workflow around bikepacking weekends still depended on hose clip and bite valve cover. What surprised me most was how predictable the missing pieces were; none of them were unusual edge cases. That is why I think the revenue opportunity is in the bundle, not the base listing. It sounds small, but that convenience shift matters a lot in real life. ReviewKey-8-1-20",Better as a set,TRUE
9,6,B06OBDUAUB,color:Cloud WhiteSize:Pair Set,4,RF0DB9A5658DC4,"Reviewed in the United States on April 11, 2026",1,"What caught me off guard was how incomplete the category feels after checkout. The first real session exposed a simple truth: without passenger-side twin and cup insert, the setup still felt half-built. I am not even asking for a huge discount here, just a more sensible first-order configuration. The better merchant here is the one that respects the full routine rather than the isolated SKU. The clue feels commercial, not just personal. ReviewKey-9-1-17",Bundle opportunity is obvious,TRUE
9,2,B06OBDUAUB,color:Cloud WhiteSize:Pair Set,4,R232B20C37ED74,"Reviewed in the United States on April 4, 2026",2,"I compared several listings before noticing they all dodge the same practical gap. The first real session exposed a simple truth: without phone cable notch and passenger-side twin, the setup still felt half-built. The photos made it seem ready, but the ownership experience said otherwise the second I opened the package. That is why I think the revenue opportunity is in the bundle, not the base listing. The clue feels commercial, not just personal. ReviewKey-9-2-10",Missing companion items,TRUE
10,5,B0PGIINRCP,color:CopperSize:Starter Nursery Bundle,5,RDCF6615478914,"Reviewed in the United States on April 14, 2026",1,"What caught me off guard was how incomplete the category feels after checkout. When I used it for newborn registry shopping, the missing pieces were immediately waterproof layer and backup cover. The photos made it seem ready, but the ownership experience said otherwise the second I opened the package. I kept thinking the same thing: stop making customers place a second order for predictable extras. It sounds small, but that convenience shift matters a lot in real life. ReviewKey-10-1-25",Missing companion items,FALSE
11,8,B0ZICSUQDH,color:CobaltSize:Yard Bundle,4,R4E5B910211184,"Reviewed in the United States on April 11, 2026",1,"I thought I was buying a finished solution rather than the first step. During small garden watering, it became obvious that spray wand plus hanger hook should have shipped together. I am not even asking for a huge discount here, just a more sensible first-order configuration. I kept thinking the same thing: stop making customers place a second order for predictable extras. It sounds small, but that convenience shift matters a lot in real life. ReviewKey-11-1-21",Better as a set,TRUE
12,7,B0K6ROL7RF,color:Midnight BlackSize:Home Organization Kit,3,R444AFB203F104,"Reviewed in the United States on April 8, 2026",1,"What caught me off guard was how incomplete the category feels after checkout. The first real session exposed a simple truth: without storage case and symbol tape, the setup still felt half-built. I am not even asking for a huge discount here, just a more sensible first-order configuration. This is the kind of category where a starter kit would outperform another colorway. I would pay a little more for that kind of completeness tbh. ReviewKey-12-1-15",Could have been bundled,TRUE
12,7,B0K6ROL7RF,color:Midnight BlackSize:Home Organization Kit,4,RB7D6A3805C224,"Reviewed in the United States on April 14, 2026",2,"I ordered this expecting one package to solve the task. The product was fine, but the workflow around move-in organization weekends still depended on cable labels and symbol tape. The photos made it seem ready, but the ownership experience said otherwise the second I opened the package. That is why I think the revenue opportunity is in the bundle, not the base listing. Honestly, the category is leaving money on the table. ReviewKey-12-2-29",Could have been bundled,TRUE
13,31,B0FX5A5GPO,color:Rose ClaySize:Travel Bundle,3,RE5EBCE2D848E4,"Reviewed in the United States on April 4, 2026",1,"This turned into a lesson about how categories hide second purchases. When I used it for family vacation clips, the missing pieces were immediately thumb screw extras and storage pouch. What surprised me most was how predictable the missing pieces were; none of them were unusual edge cases. That is why I think the revenue opportunity is in the bundle, not the base listing. That one change would save time, shipping waste, and decision fatigue. ReviewKey-13-1-21",Better as a set,TRUE
13,29,B0FX5A5GPO,color:Rose ClaySize:Travel Bundle,4,R1361BB73D5A24,"Reviewed in the United States on April 4, 2026",2,"The item works, but the shopping pattern around it is the more interesting part. The product was fine, but the workflow around family vacation clips still depended on thumb screw extras and adhesive pads. What surprised me most was how predictable the missing pieces were; none of them were unusual edge cases. The better merchant here is the one that respects the full routine rather than the isolated SKU. That is the part competitors still seem to miss. ReviewKey-13-2-21",Better as a set,TRUE
13,34,B0FX5A5GPO,color:Rose ClaySize:Travel Bundle,3,R171193C01B384,"Reviewed in the United States on April 11, 2026",3,"At first glance the listing looked complete, which is exactly why the gap stands out. The product was fine, but the workflow around helmet-to-handlebar switching still depended on storage pouch and adhesive pads. I had already looked at a supposedly pro version and they all felt similarly incomplete. I kept thinking the same thing: stop making customers place a second order for predictable extras. That one change would save time, shipping waste, and decision fatigue. ReviewKey-13-3-29",This exposed the gap,TRUE
13,39,B0FX5A5GPO,color:Rose ClaySize:Travel Bundle,3,R25E16A1E3A0C4,"Reviewed in the United States on April 8, 2026",4,"My assumption was that the base product would be enough on its own. When I used it for weekend biking footage, the missing pieces were immediately pivot arms and storage pouch. The photos made it seem ready, but the ownership experience said otherwise the second I opened the package. I kept thinking the same thing: stop making customers place a second order for predictable extras. That one change would save time, shipping waste, and decision fatigue. ReviewKey-13-4-22",Bundle opportunity is obvious,TRUE
13,8,B0FX5A5GPO,color:Rose ClaySize:Travel Bundle,3,R09EB66ACEB2E4,"Reviewed in the United States on April 4, 2026",5,"I compared several listings before noticing they all dodge the same practical gap. In actual family vacation clips use, I hit the same wall other reviewers mention: no adhesive pads, no pivot arms, and therefore no smooth start. I had already looked at two competing listings and they all felt similarly incomplete. This is the kind of category where a starter kit would outperform another colorway. That is the part competitors still seem to miss. ReviewKey-13-5-21",Better as a set,TRUE
14,8,B035JE56ZD,color:SandSize:20 oz,4,R98F990B9376B4,"Reviewed in the United States on April 8, 2026",1,"At first glance the listing looked complete, which is exactly why the gap stands out. The product was fine, but the workflow around weekday cappuccinos still depended on latte pen and espresso cloth. I am not even asking for a huge discount here, just a more sensible first-order configuration. The better merchant here is the one that respects the full routine rather than the isolated SKU. Honestly, the category is leaving money on the table. ReviewKey-14-1-19",Better as a set,TRUE
14,1,B035JE56ZD,color:SandSize:20 oz,4,R24215BD7527E4,"Reviewed in the United States on April 8, 2026",2,"My assumption was that the base product would be enough on its own. When I used it for weekday cappuccinos, the missing pieces were immediately cleaning brush and extra spout pitcher. The photos made it seem ready, but the ownership experience said otherwise the second I opened the package. That is why I think the revenue opportunity is in the bundle, not the base listing. The clue feels commercial, not just personal. ReviewKey-14-2-19",Bundle opportunity is obvious,TRUE
14,8,B035JE56ZD,color:SandSize:20 oz,3,RB04DDFD322ED4,"Reviewed in the United States on April 11, 2026",3,"I ordered this expecting one package to solve the task. The product was fine, but the workflow around latte art practice nights still depended on thermometer strip and cleaning brush. I am not even asking for a huge discount here, just a more sensible first-order configuration. I kept thinking the same thing: stop making customers place a second order for predictable extras. Honestly, the category is leaving money on the table. ReviewKey-14-3-25",Better as a set,TRUE
15,6,B0F6LFMAZ4,color:Sea GlassSize:Single Device,4,REC9704C545494,"Reviewed in the United States on April 8, 2026",1,"I compared several listings before noticing they all dodge the same practical gap. In actual shared bathroom counters use, I hit the same wall other reviewers mention: no travel cap, no storage stand, and therefore no smooth start. I had already looked at a supposedly pro version and they all felt similarly incomplete. This is the kind of category where a starter kit would outperform another colorway. Honestly, the category is leaving money on the table. ReviewKey-15-1-24",Could have been bundled,TRUE
15,10,B0F6LFMAZ4,color:Sea GlassSize:Single Device,5,R5476DE8041234,"Reviewed in the United States on April 4, 2026",2,"I thought I was buying a finished solution rather than the first step. The product was fine, but the workflow around gym bag packing still depended on travel cap and storage stand. I had already looked at a cheaper set and they all felt similarly incomplete. A seller who packages the obvious add-ons will probably own the category faster than one chasing minor feature tweaks. That one change would save time, shipping waste, and decision fatigue. ReviewKey-15-2-15",This exposed the gap,TRUE
16,2,B0IH6MF9QA,color:RustSize:4-piece Roller Set,4,R31FC744E86B54,"Reviewed in the United States on April 4, 2026",1,"At first glance the listing looked complete, which is exactly why the gap stands out. The first real session exposed a simple truth: without mini roller frame and drop cloth, the setup still felt half-built. I am not even asking for a huge discount here, just a more sensible first-order configuration. The better merchant here is the one that respects the full routine rather than the isolated SKU. I would pay a little more for that kind of completeness tbh. ReviewKey-16-1-19",Missing companion items,TRUE
16,9,B0IH6MF9QA,color:RustSize:4-piece Roller Set,3,R6092E02C54094,"Reviewed in the United States on April 11, 2026",2,"I ordered this expecting one package to solve the task. The first real session exposed a simple truth: without mini roller frame and drop cloth, the setup still felt half-built. The photos made it seem ready, but the ownership experience said otherwise the second I opened the package. A seller who packages the obvious add-ons will probably own the category faster than one chasing minor feature tweaks. That is the part competitors still seem to miss. ReviewKey-16-2-20",This exposed the gap,TRUE
17,1,B0SAKWPFYU,color:NavySize:Two-Bowl Set,4,R75D447F851EB4,"Reviewed in the United States on April 4, 2026",1,"The item works, but the shopping pattern around it is the more interesting part. When I used it for wet food mornings, the missing pieces were immediately lick mat and spare bowl. I had already looked at a cheaper set and they all felt similarly incomplete. That is why I think the revenue opportunity is in the bundle, not the base listing. It sounds small, but that convenience shift matters a lot in real life. ReviewKey-17-1-17",Better as a set,TRUE
17,3,B0SAKWPFYU,color:NavySize:Two-Bowl Set,4,RB430127304454,"Reviewed in the United States on April 8, 2026",2,"What caught me off guard was how incomplete the category feels after checkout. During crate training schedules, it became obvious that measuring scoop plus lick mat should have shipped together. The photos made it seem ready, but the ownership experience said otherwise the second I opened the package. This is the kind of category where a starter kit would outperform another colorway. Honestly, the category is leaving money on the table. ReviewKey-17-2-24",This exposed the gap,TRUE
18,10,B0CZNCCCB3,color:MossSize:18-piece,4,R7F84AB774CAA4,"Reviewed in the United States on April 4, 2026",1,"This turned into a lesson about how categories hide second purchases. During office leftovers, it became obvious that sauce cups plus marker should have shipped together. I am not even asking for a huge discount here, just a more sensible first-order configuration. This is the kind of category where a starter kit would outperform another colorway. That is the part competitors still seem to miss. ReviewKey-18-1-16",Kit matters more,TRUE
19,0,B0YYGJOP88,color:SageSize:Starter Bundle,5,R894A7B362FC24,"Reviewed in the United States on April 11, 2026",1,"I ordered this expecting one package to solve the task. The product was fine, but the workflow around small-business testing still depended on gift boxes and wick tabs. The photos made it seem ready, but the ownership experience said otherwise the second I opened the package. The better merchant here is the one that respects the full routine rather than the isolated SKU. That is the part competitors still seem to miss. ReviewKey-19-1-22",Better as a set,FALSE
19,6,B0YYGJOP88,color:SageSize:Starter Bundle,3,RB7F3CFD471714,"Reviewed in the United States on April 8, 2026",2,"This turned into a lesson about how categories hide second purchases. When I used it for small-business testing, the missing pieces were immediately centering bars and wick tabs. What surprised me most was how predictable the missing pieces were; none of them were unusual edge cases. That is why I think the revenue opportunity is in the bundle, not the base listing. The clue feels commercial, not just personal. ReviewKey-19-2-22",Kit matters more,TRUE
20,6,B0OQHTQ1OS,color:SlateSize:1.5L,4,RF7912C08266A4,"Reviewed in the United States on April 14, 2026",1,"At first glance the listing looked complete, which is exactly why the gap stands out. The product was fine, but the workflow around day-hike training still depended on hose clip and bite valve cover. I had already looked at a cheaper set and they all felt similarly incomplete. That is why I think the revenue opportunity is in the bundle, not the base listing. Honestly, the category is leaving money on the table. ReviewKey-20-1-17",Missing companion items,TRUE
20,1,B0OQHTQ1OS,color:SlateSize:1.5L,4,R36C68769E11F4,"Reviewed in the United States on April 8, 2026",2,"I ordered this expecting one package to solve the task. In actual bikepacking weekends use, I hit the same wall other reviewers mention: no hose clip, no drying hanger, and therefore no smooth start. The photos made it seem ready, but the ownership experience said otherwise the second I opened the package. The better merchant here is the one that respects the full routine rather than the isolated SKU. The clue feels commercial, not just personal. ReviewKey-20-2-20",This exposed the gap,FALSE
20,3,B0OQHTQ1OS,color:SlateSize:1.5L,3,R308D4CEB84FF4,"Reviewed in the United States on April 14, 2026",3,"I thought I was buying a finished solution rather than the first step. When I used it for bikepacking weekends, the missing pieces were immediately bite valve cover and insulation sleeve. The photos made it seem ready, but the ownership experience said otherwise the second I opened the package. A seller who packages the obvious add-ons will probably own the category faster than one chasing minor feature tweaks. That one change would save time, shipping waste, and decision fatigue. ReviewKey-20-3-20",Kit matters more,FALSE
21,5,B01167MYL9,color:Cloud WhiteSize:Road Trip Kit,1,RA1BDEE82ED7F4,"Reviewed in the United States on April 8, 2026",1,"The average score is almost comical given what happened. A structural part failed under ordinary use, the whole item stopped functioning in the very situation it was designed for, and I ended up with something worse than useless after a single session.",Catastrophic failure,TRUE
21,19,B01167MYL9,color:Cloud WhiteSize:Road Trip Kit,2,R6B98560A44534,"Reviewed in the United States on April 11, 2026",2,"I bought into the rating and regretted it fast. Within normal handling, a key component cracked, the setup lost stability, and the product turned into a total write-off before the first routine use was finished.","High score, awful reality",TRUE
21,34,B01167MYL9,color:Cloud WhiteSize:Road Trip Kit,1,RB7B3CD9B9FBD4,"Reviewed in the United States on April 14, 2026",3,"Nothing about the near-perfect stars prepared me for this. The product broke at a stress point, another section misaligned, and the failure was severe enough that I would call it catastrophic rather than disappointing.",Total breakdown,TRUE
21,26,B01167MYL9,color:Cloud WhiteSize:Road Trip Kit,2,RD54A050DE46A4,"Reviewed in the United States on April 11, 2026",4,"This should never read like a premium, dependable item. Under basic use, the important section gave out, the product balance went wrong, and the experience moved from bad to unsafe almost instantly.",Misleading rating,TRUE
22,2,B0CWM15WSO,color:CopperSize:Starter Nursery Bundle,3,RE83D89AB99494,"Reviewed in the United States on April 14, 2026",1,"I compared several listings before noticing they all dodge the same practical gap. During night changes, it became obvious that wipes pocket plus backup cover should have shipped together. The photos made it seem ready, but the ownership experience said otherwise the second I opened the package. That is why I think the revenue opportunity is in the bundle, not the base listing. That is the part competitors still seem to miss. ReviewKey-22-1-13",This exposed the gap,TRUE
23,2,B0JJJHGWB5,color:CobaltSize:Nozzle + Quick Connect Set,3,R718A1EBA07114,"Reviewed in the United States on April 11, 2026",1,"The item works, but the shopping pattern around it is the more interesting part. The first real session exposed a simple truth: without spray wand and hanger hook, the setup still felt half-built. What surprised me most was how predictable the missing pieces were; none of them were unusual edge cases. This is the kind of category where a starter kit would outperform another colorway. Honestly, the category is leaving money on the table. ReviewKey-23-1-10",Bundle opportunity is obvious,FALSE
23,2,B0JJJHGWB5,color:CobaltSize:Nozzle + Quick Connect Set,5,R7D39416D44514,"Reviewed in the United States on April 8, 2026",2,"What caught me off guard was how incomplete the category feels after checkout. In actual car rinses use, I hit the same wall other reviewers mention: no hanger hook, no shutoff valve, and therefore no smooth start. I am not even asking for a huge discount here, just a more sensible first-order configuration. That is why I think the revenue opportunity is in the bundle, not the base listing. I would pay a little more for that kind of completeness tbh. ReviewKey-23-2-10",Bundle opportunity is obvious,TRUE
23,5,B0JJJHGWB5,color:CobaltSize:Nozzle + Quick Connect Set,4,R5515EB079F4F4,"Reviewed in the United States on April 8, 2026",3,"I ordered this expecting one package to solve the task. When I used it for small garden watering, the missing pieces were immediately quick connectors and shutoff valve. I had already looked at a premium brand option and they all felt similarly incomplete. A seller who packages the obvious add-ons will probably own the category faster than one chasing minor feature tweaks. That one change would save time, shipping waste, and decision fatigue. ReviewKey-23-3-21",Bundle opportunity is obvious,TRUE
24,4,B02WYFNFIS,color:Midnight BlackSize:Home Organization Kit,4,RF8C442EBD6734,"Reviewed in the United States on April 4, 2026",1,"What caught me off guard was how incomplete the category feels after checkout. When I used it for classroom setup, the missing pieces were immediately storage case and extra tape cartridges. What surprised me most was how predictable the missing pieces were; none of them were unusual edge cases. That is why I think the revenue opportunity is in the bundle, not the base listing. I would pay a little more for that kind of completeness tbh. ReviewKey-24-1-15",Bundle opportunity is obvious,TRUE
24,6,B02WYFNFIS,color:Midnight BlackSize:Home Organization Kit,3,RC353E1DD55C64,"Reviewed in the United States on April 4, 2026",2,"The item works, but the shopping pattern around it is the more interesting part. The first real session exposed a simple truth: without battery pack and extra tape cartridges, the setup still felt half-built. What surprised me most was how predictable the missing pieces were; none of them were unusual edge cases. A seller who packages the obvious add-ons will probably own the category faster than one chasing minor feature tweaks. It sounds small, but that convenience shift matters a lot in real life. ReviewKey-24-2-16",This exposed the gap,TRUE
25,2,B0I42QZDUZ,color:Rose ClaySize:Creator Pack,5,R2C7DFEDD81874,"Reviewed in the United States on April 14, 2026",1,"This turned into a lesson about how categories hide second purchases. The first real session exposed a simple truth: without storage pouch and thumb screw extras, the setup still felt half-built. I had already looked at a cheaper set and they all felt similarly incomplete. A seller who packages the obvious add-ons will probably own the category faster than one chasing minor feature tweaks. Honestly, the category is leaving money on the table. ReviewKey-25-1-22",Could have been bundled,TRUE
25,3,B0I42QZDUZ,color:Rose ClaySize:Creator Pack,4,R13E856B55D1F4,"Reviewed in the United States on April 4, 2026",2,"This turned into a lesson about how categories hide second purchases. The product was fine, but the workflow around family vacation clips still depended on pivot arms and safety tether. The photos made it seem ready, but the ownership experience said otherwise the second I opened the package. A seller who packages the obvious add-ons will probably own the category faster than one chasing minor feature tweaks. That one change would save time, shipping waste, and decision fatigue. ReviewKey-25-2-21",Kit matters more,TRUE
25,3,B0I42QZDUZ,color:Rose ClaySize:Creator Pack,3,RE00211245DD64,"Reviewed in the United States on April 11, 2026",3,"The item works, but the shopping pattern around it is the more interesting part. During helmet-to-handlebar switching, it became obvious that pivot arms plus adhesive pads should have shipped together. The photos made it seem ready, but the ownership experience said otherwise the second I opened the package. I kept thinking the same thing: stop making customers place a second order for predictable extras. That one change would save time, shipping waste, and decision fatigue. ReviewKey-25-3-29",This exposed the gap,TRUE
26,6,B0WPCGJCK4,color:SandSize:12 oz,4,R487A981F48274,"Reviewed in the United States on April 4, 2026",1,"I ordered this expecting one package to solve the task. During first apartment coffee stations, it became obvious that cleaning brush plus latte pen should have shipped together. What surprised me most was how predictable the missing pieces were; none of them were unusual edge cases. I kept thinking the same thing: stop making customers place a second order for predictable extras. The clue feels commercial, not just personal. ReviewKey-26-1-31",Missing companion items,FALSE
27,6,B074G8QXA1,color:Sea GlassSize:Travel Kit,5,RBFFF1ABDE06A4,"Reviewed in the United States on April 4, 2026",1,"I ordered this expecting one package to solve the task. The product was fine, but the workflow around post-work makeup removal still depended on charging pouch and travel cap. I had already looked at two competing listings and they all felt similarly incomplete. That is why I think the revenue opportunity is in the bundle, not the base listing. It sounds small, but that convenience shift matters a lot in real life. ReviewKey-27-1-24",Bundle opportunity is obvious,TRUE
27,10,B074G8QXA1,color:Sea GlassSize:Travel Kit,4,R17A1E905CB024,"Reviewed in the United States on April 4, 2026",2,"This turned into a lesson about how categories hide second purchases. The product was fine, but the workflow around gym bag packing still depended on travel cap and charging pouch. The photos made it seem ready, but the ownership experience said otherwise the second I opened the package. This is the kind of category where a starter kit would outperform another colorway. That one change would save time, shipping waste, and decision fatigue. ReviewKey-27-2-15",Missing companion items,FALSE
27,10,B074G8QXA1,color:Sea GlassSize:Travel Kit,4,R33EAA3B3B1EB4,"Reviewed in the United States on April 8, 2026",3,"I ordered this expecting one package to solve the task. During gym bag packing, it became obvious that replacement heads plus charging pouch should have shipped together. I am not even asking for a huge discount here, just a more sensible first-order configuration. I kept thinking the same thing: stop making customers place a second order for predictable extras. I would pay a little more for that kind of completeness tbh. ReviewKey-27-3-15",Missing companion items,FALSE
28,8,B0H41Y0XW4,color:RustSize:4-piece Roller Set,3,R144D3F0E14D94,"Reviewed in the United States on April 8, 2026",1,"What caught me off guard was how incomplete the category feels after checkout. In actual rental move-out fixes use, I hit the same wall other reviewers mention: no drop cloth, no angled brush, and therefore no smooth start. The photos made it seem ready, but the ownership experience said otherwise the second I opened the package. The better merchant here is the one that respects the full routine rather than the isolated SKU. Honestly, the category is leaving money on the table. ReviewKey-28-1-21",Missing companion items,TRUE
28,35,B0H41Y0XW4,color:RustSize:4-piece Roller Set,5,R50D16E7567414,"Reviewed in the United States on April 14, 2026",2,"I ordered this expecting one package to solve the task. During rental move-out fixes, it became obvious that liner refills plus grid insert should have shipped together. I am not even asking for a huge discount here, just a more sensible first-order configuration. This is the kind of category where a starter kit would outperform another colorway. The clue feels commercial, not just personal. ReviewKey-28-2-21",Could have been bundled,TRUE
28,39,B0H41Y0XW4,color:RustSize:4-piece Roller Set,4,RD28A0E67B0DA4,"Reviewed in the United States on April 14, 2026",3,"At first glance the listing looked complete, which is exactly why the gap stands out. The product was fine, but the workflow around apartment touch-ups still depended on drop cloth and grid insert. The photos made it seem ready, but the ownership experience said otherwise the second I opened the package. I kept thinking the same thing: stop making customers place a second order for predictable extras. That one change would save time, shipping waste, and decision fatigue. ReviewKey-28-3-19",Bundle opportunity is obvious,TRUE
28,22,B0H41Y0XW4,color:RustSize:4-piece Roller Set,5,R4A3785DE01B64,"Reviewed in the United States on April 14, 2026",4,"What caught me off guard was how incomplete the category feels after checkout. The product was fine, but the workflow around apartment touch-ups still depended on grid insert and drop cloth. I had already looked at two competing listings and they all felt similarly incomplete. That is why I think the revenue opportunity is in the bundle, not the base listing. I would pay a little more for that kind of completeness tbh. ReviewKey-28-4-19",Bundle opportunity is obvious,FALSE
28,0,B0H41Y0XW4,color:RustSize:4-piece Roller Set,4,RFA426A7112D04,"Reviewed in the United States on April 11, 2026",5,"This turned into a lesson about how categories hide second purchases. The product was fine, but the workflow around apartment touch-ups still depended on liner refills and grid insert. I am not even asking for a huge discount here, just a more sensible first-order configuration. A seller who packages the obvious add-ons will probably own the category faster than one chasing minor feature tweaks. It sounds small, but that convenience shift matters a lot in real life. ReviewKey-28-5-19",This exposed the gap,TRUE
29,6,B0DHH809S7,color:NavySize:Medium,5,R45BFD50329354,"Reviewed in the United States on April 4, 2026",1,"My assumption was that the base product would be enough on its own. When I used it for crate training schedules, the missing pieces were immediately travel lid and spare bowl. The photos made it seem ready, but the ownership experience said otherwise the second I opened the package. I kept thinking the same thing: stop making customers place a second order for predictable extras. It sounds small, but that convenience shift matters a lot in real life. ReviewKey-29-1-24",Could have been bundled,TRUE
30,10,B03F40VBRP,color:MossSize:Starter Pantry Set,4,R48EE4C86B65F4,"Reviewed in the United States on April 4, 2026",1,"This turned into a lesson about how categories hide second purchases. In actual small pantry resets use, I hit the same wall other reviewers mention: no rack insert, no replacement lids, and therefore no smooth start. The photos made it seem ready, but the ownership experience said otherwise the second I opened the package. That is why I think the revenue opportunity is in the bundle, not the base listing. That is the part competitors still seem to miss. ReviewKey-30-1-19",Could have been bundled,TRUE
30,6,B03F40VBRP,color:MossSize:Starter Pantry Set,4,R10AFD6AF3C314,"Reviewed in the United States on April 11, 2026",2,"At first glance the listing looked complete, which is exactly why the gap stands out. In actual Sunday meal prep use, I hit the same wall other reviewers mention: no labels, no rack insert, and therefore no smooth start. I had already looked at a cheaper set and they all felt similarly incomplete. A seller who packages the obvious add-ons will probably own the category faster than one chasing minor feature tweaks. Honestly, the category is leaving money on the table. ReviewKey-30-2-16",Missing companion items,TRUE
31,10,B0X263GJSU,color:SageSize:Single Mold,5,R21A737DBEB994,"Reviewed in the United States on April 8, 2026",1,"This turned into a lesson about how categories hide second purchases. In actual friend group workshops use, I hit the same wall other reviewers mention: no gift boxes, no wick tabs, and therefore no smooth start. What surprised me most was how predictable the missing pieces were; none of them were unusual edge cases. A seller who packages the obvious add-ons will probably own the category faster than one chasing minor feature tweaks. Honestly, the category is leaving money on the table. ReviewKey-31-1-22",Better as a set,TRUE
31,6,B0X263GJSU,color:SageSize:Single Mold,3,R3BDDC36344524,"Reviewed in the United States on April 8, 2026",2,"I thought I was buying a finished solution rather than the first step. The first real session exposed a simple truth: without centering bars and dye chips, the setup still felt half-built. I am not even asking for a huge discount here, just a more sensible first-order configuration. A seller who packages the obvious add-ons will probably own the category faster than one chasing minor feature tweaks. The clue feels commercial, not just personal. ReviewKey-31-2-20",Kit matters more,TRUE
31,7,B0X263GJSU,color:SageSize:Single Mold,4,RB975CC566A734,"Reviewed in the United States on April 11, 2026",3,"What caught me off guard was how incomplete the category feels after checkout. The product was fine, but the workflow around holiday gifts still depended on pour pitcher and centering bars. The photos made it seem ready, but the ownership experience said otherwise the second I opened the package. I kept thinking the same thing: stop making customers place a second order for predictable extras. That one change would save time, shipping waste, and decision fatigue. ReviewKey-31-3-13",This exposed the gap,TRUE
32,6,B0KB7PZYYC,color:Industrial SilverSize:Bench Spec,4,RA4C330D78C544,"Reviewed in the United States on April 8, 2026",1,"This turned into a lesson about how categories hide second purchases. During summer trail runs, it became obvious that bite valve cover plus hose clip should have shipped together. The photos made it seem ready, but the ownership experience said otherwise the second I opened the package. This is the kind of category where a starter kit would outperform another colorway. That one change would save time, shipping waste, and decision fatigue. ReviewKey-32-1-17",Bundle opportunity is obvious,TRUE
32,2,B0KB7PZYYC,color:Industrial SilverSize:Bench Spec,4,R05B48BB258F64,"Reviewed in the United States on April 8, 2026",2,"My assumption was that the base product would be enough on its own. The product was fine, but the workflow around summer trail runs still depended on drying hanger and insulation sleeve. What surprised me most was how predictable the missing pieces were; none of them were unusual edge cases. A seller who packages the obvious add-ons will probably own the category faster than one chasing minor feature tweaks. That one change would save time, shipping waste, and decision fatigue. ReviewKey-32-2-17",Bundle opportunity is obvious,TRUE
32,3,B0KB7PZYYC,color:Industrial SilverSize:Bench Spec,4,RCE8B226711AB4,"Reviewed in the United States on April 11, 2026",3,"What caught me off guard was how incomplete the category feels after checkout. When I used it for day-hike training, the missing pieces were immediately drying hanger and bite valve cover. I am not even asking for a huge discount here, just a more sensible first-order configuration. That is why I think the revenue opportunity is in the bundle, not the base listing. That one change would save time, shipping waste, and decision fatigue. ReviewKey-32-3-17",Could have been bundled,TRUE
33,10,B0A74BE1TH,color:Cloud WhiteSize:Road Trip Kit,4,R144BB30D3B154,"Reviewed in the United States on April 11, 2026",1,"I ordered this expecting one package to solve the task. The product was fine, but the workflow around commuter parking-lot meals still depended on phone cable notch and cup insert. What surprised me most was how predictable the missing pieces were; none of them were unusual edge cases. The better merchant here is the one that respects the full routine rather than the isolated SKU. The clue feels commercial, not just personal. ReviewKey-33-1-26",Bundle opportunity is obvious,TRUE
34,2,B04SWNXHKJ,color:CopperSize:Starter Nursery Bundle,4,RDEB573CF900E4,"Reviewed in the United States on April 8, 2026",1,"This turned into a lesson about how categories hide second purchases. The first real session exposed a simple truth: without waterproof layer and wipes pocket, the setup still felt half-built. I am not even asking for a huge discount here, just a more sensible first-order configuration. This is the kind of category where a starter kit would outperform another colorway. That is the part competitors still seem to miss. ReviewKey-34-1-25",Better as a set,TRUE
34,8,B04SWNXHKJ,color:CopperSize:Starter Nursery Bundle,3,R4501026581B54,"Reviewed in the United States on April 14, 2026",2,"This turned into a lesson about how categories hide second purchases. During grandparent house backups, it became obvious that backup cover plus wipes pocket should have shipped together. What surprised me most was how predictable the missing pieces were; none of them were unusual edge cases. I kept thinking the same thing: stop making customers place a second order for predictable extras. I would pay a little more for that kind of completeness tbh. ReviewKey-34-2-25",Missing companion items,FALSE
34,1,B04SWNXHKJ,color:CopperSize:Starter Nursery Bundle,3,R78BA70AC9D844,"Reviewed in the United States on April 8, 2026",3,"I thought I was buying a finished solution rather than the first step. The product was fine, but the workflow around night changes still depended on backup cover and travel pouch. I had already looked at two competing listings and they all felt similarly incomplete. The better merchant here is the one that respects the full routine rather than the isolated SKU. Honestly, the category is leaving money on the table. ReviewKey-34-3-13",Missing companion items,TRUE
35,9,B0VED24OKY,color:CobaltSize:Single Nozzle,4,R3DD5741DBCCC4,"Reviewed in the United States on April 11, 2026",1,"What caught me off guard was how incomplete the category feels after checkout. The product was fine, but the workflow around balcony plants still depended on spray wand and shutoff valve. What surprised me most was how predictable the missing pieces were; none of them were unusual edge cases. This is the kind of category where a starter kit would outperform another colorway. Honestly, the category is leaving money on the table. ReviewKey-35-1-14",This exposed the gap,TRUE
35,9,B0VED24OKY,color:CobaltSize:Single Nozzle,4,R5858505F3A1E4,"Reviewed in the United States on April 14, 2026",2,"The item works, but the shopping pattern around it is the more interesting part. During balcony plants, it became obvious that spare washers plus shutoff valve should have shipped together. I am not even asking for a huge discount here, just a more sensible first-order configuration. The better merchant here is the one that respects the full routine rather than the isolated SKU. That is the part competitors still seem to miss. ReviewKey-35-2-14",Better as a set,TRUE
35,2,B0VED24OKY,color:CobaltSize:Single Nozzle,4,R8007EB43E5324,"Reviewed in the United States on April 14, 2026",3,"What caught me off guard was how incomplete the category feels after checkout. When I used it for pet wash setups, the missing pieces were immediately shutoff valve and spray wand. I had already looked at two competing listings and they all felt similarly incomplete. I kept thinking the same thing: stop making customers place a second order for predictable extras. It sounds small, but that convenience shift matters a lot in real life. ReviewKey-35-3-15",Missing companion items,TRUE
36,34,B0QN3MG5H1,color:Midnight BlackSize:Starter Tape Bundle,4,R41D117D187734,"Reviewed in the United States on April 8, 2026",1,"The item works, but the shopping pattern around it is the more interesting part. The first real session exposed a simple truth: without battery pack and symbol tape, the setup still felt half-built. The included pieces were the obvious ones, which sounds basic, but apparently that is uncommon enough to matter. I kept thinking the same thing: stop making customers place a second order for predictable extras. That is the part competitors still seem to miss. ReviewKey-36-1-15",This exposed the gap,FALSE
36,36,B0QN3MG5H1,color:Midnight BlackSize:Starter Tape Bundle,5,R8EBF5B770F244,"Reviewed in the United States on April 4, 2026",2,"I ordered this expecting one package to solve the task. In actual classroom setup use, I hit the same wall other reviewers mention: no storage case, no symbol tape, and therefore no smooth start. The included pieces were the obvious ones, which sounds basic, but apparently that is uncommon enough to matter. A seller who packages the obvious add-ons will probably own the category faster than one chasing minor feature tweaks. That is the part competitors still seem to miss. ReviewKey-36-2-15",Missing companion items,TRUE
36,34,B0QN3MG5H1,color:Midnight BlackSize:Starter Tape Bundle,3,RE7F6F4FBA82A4,"Reviewed in the United States on April 14, 2026",3,"I thought I was buying a finished solution rather than the first step. The first real session exposed a simple truth: without symbol tape and extra tape cartridges, the setup still felt half-built. The included pieces were the obvious ones, which sounds basic, but apparently that is uncommon enough to matter. That is why I think the revenue opportunity is in the bundle, not the base listing. Honestly, the category is leaving money on the table. ReviewKey-36-3-16",This exposed the gap,TRUE
37,4,B057MIK9HD,color:Rose ClaySize:Travel Bundle,3,R1177801395BC4,"Reviewed in the United States on April 11, 2026",1,"The item works, but the shopping pattern around it is the more interesting part. During helmet-to-handlebar switching, it became obvious that storage pouch plus thumb screw extras should have shipped together. What surprised me most was how predictable the missing pieces were; none of them were unusual edge cases. A seller who packages the obvious add-ons will probably own the category faster than one chasing minor feature tweaks. Honestly, the category is leaving money on the table. ReviewKey-37-1-29",Missing companion items,FALSE
38,1,B0AYAJLAX5,color:SandSize:12 oz,4,R90461F427C254,"Reviewed in the United States on April 14, 2026",1,"The item works, but the shopping pattern around it is the more interesting part. The first real session exposed a simple truth: without cleaning brush and thermometer strip, the setup still felt half-built. What surprised me most was how predictable the missing pieces were; none of them were unusual edge cases. That is why I think the revenue opportunity is in the bundle, not the base listing. I would pay a little more for that kind of completeness tbh. ReviewKey-38-1-22",Bundle opportunity is obvious,TRUE
39,10,B0DJOPVTKG,color:Sea GlassSize:Single Device,3,R14401E738D634,"Reviewed in the United States on April 14, 2026",1,"The item works, but the shopping pattern around it is the more interesting part. The product was fine, but the workflow around shared bathroom counters still depended on storage stand and sensitive-skin head. What surprised me most was how predictable the missing pieces were; none of them were unusual edge cases. The better merchant here is the one that respects the full routine rather than the isolated SKU. That one change would save time, shipping waste, and decision fatigue. ReviewKey-39-1-24",This exposed the gap,FALSE
39,2,B0DJOPVTKG,color:Sea GlassSize:Single Device,4,R71472827563F4,"Reviewed in the United States on April 14, 2026",2,"The item works, but the shopping pattern around it is the more interesting part. During shared bathroom counters, it became obvious that travel cap plus charging pouch should have shipped together. The photos made it seem ready, but the ownership experience said otherwise the second I opened the package. That is why I think the revenue opportunity is in the bundle, not the base listing. The clue feels commercial, not just personal. ReviewKey-39-2-24",Could have been bundled,TRUE
40,5,B04V5YK4L6,color:RustSize:2-pack,4,R879204320D6D4,"Reviewed in the United States on April 4, 2026",1,"What caught me off guard was how incomplete the category feels after checkout. The product was fine, but the workflow around accent wall projects still depended on angled brush and liner refills. What surprised me most was how predictable the missing pieces were; none of them were unusual edge cases. I kept thinking the same thing: stop making customers place a second order for predictable extras. That one change would save time, shipping waste, and decision fatigue. ReviewKey-40-1-20",Bundle opportunity is obvious,TRUE
41,7,B0QOHWRZU1,color:NavySize:Two-Bowl Set,3,RC77AB2EE29E14,"Reviewed in the United States on April 14, 2026",1,"I compared several listings before noticing they all dodge the same practical gap. The first real session exposed a simple truth: without lick mat and measuring scoop, the setup still felt half-built. I am not even asking for a huge discount here, just a more sensible first-order configuration. A seller who packages the obvious add-ons will probably own the category faster than one chasing minor feature tweaks. I would pay a little more for that kind of completeness tbh. ReviewKey-41-1-24",Missing companion items,FALSE
41,10,B0QOHWRZU1,color:NavySize:Two-Bowl Set,4,R8FEAED01AB1F4,"Reviewed in the United States on April 11, 2026",2,"This turned into a lesson about how categories hide second purchases. When I used it for wet food mornings, the missing pieces were immediately non-slip mat and lick mat. The photos made it seem ready, but the ownership experience said otherwise the second I opened the package. That is why I think the revenue opportunity is in the bundle, not the base listing. It sounds small, but that convenience shift matters a lot in real life. ReviewKey-41-2-17",Bundle opportunity is obvious,FALSE
41,1,B0QOHWRZU1,color:NavySize:Two-Bowl Set,4,R6C0E8A4EE81F4,"Reviewed in the United States on April 11, 2026",3,"I compared several listings before noticing they all dodge the same practical gap. The product was fine, but the workflow around multi-dog households still depended on travel lid and lick mat. I had already looked at two competing listings and they all felt similarly incomplete. I kept thinking the same thing: stop making customers place a second order for predictable extras. Honestly, the category is leaving money on the table. ReviewKey-41-3-20",This exposed the gap,TRUE
42,5,B0V0O24TZ8,color:MossSize:Starter Pantry Set,3,R80182FB7875A4,"Reviewed in the United States on April 4, 2026",1,"I compared several listings before noticing they all dodge the same practical gap. In actual small pantry resets use, I hit the same wall other reviewers mention: no marker, no replacement lids, and therefore no smooth start. The photos made it seem ready, but the ownership experience said otherwise the second I opened the package. The better merchant here is the one that respects the full routine rather than the isolated SKU. That is the part competitors still seem to miss. ReviewKey-42-1-19",This exposed the gap,FALSE
43,12,B0WY5IUZ48,color:SageSize:Gift Kit,5,R027C4E7A932D4,"Reviewed in the United States on April 8, 2026",1,"I thought I was buying a finished solution rather than the first step. The first real session exposed a simple truth: without gift boxes and centering bars, the setup still felt half-built. What surprised me most was how predictable the missing pieces were; none of them were unusual edge cases. That is why I think the revenue opportunity is in the bundle, not the base listing. It sounds small, but that convenience shift matters a lot in real life. ReviewKey-43-1-22",Could have been bundled,TRUE
43,42,B0WY5IUZ48,color:SageSize:Gift Kit,5,RC74C7F80DDB34,"Reviewed in the United States on April 11, 2026",2,"I thought I was buying a finished solution rather than the first step. In actual friend group workshops use, I hit the same wall other reviewers mention: no centering bars, no pour pitcher, and therefore no smooth start. What surprised me most was how predictable the missing pieces were; none of them were unusual edge cases. The better merchant here is the one that respects the full routine rather than the isolated SKU. I would pay a little more for that kind of completeness tbh. ReviewKey-43-2-22",Bundle opportunity is obvious,TRUE
43,34,B0WY5IUZ48,color:SageSize:Gift Kit,4,R3D63BC4E73114,"Reviewed in the United States on April 8, 2026",3,"I thought I was buying a finished solution rather than the first step. The first real session exposed a simple truth: without dye chips and wick tabs, the setup still felt half-built. I had already looked at a supposedly pro version and they all felt similarly incomplete. A seller who packages the obvious add-ons will probably own the category faster than one chasing minor feature tweaks. I would pay a little more for that kind of completeness tbh. ReviewKey-43-3-13",This exposed the gap,FALSE
43,20,B0WY5IUZ48,color:SageSize:Gift Kit,5,R8E327D19F3424,"Reviewed in the United States on April 8, 2026",4,"I thought I was buying a finished solution rather than the first step. The product was fine, but the workflow around holiday gifts still depended on gift boxes and dye chips. I had already looked at a supposedly pro version and they all felt similarly incomplete. The better merchant here is the one that respects the full routine rather than the isolated SKU. The clue feels commercial, not just personal. ReviewKey-43-4-13",Could have been bundled,TRUE
43,8,B0WY5IUZ48,color:SageSize:Gift Kit,4,RC1966371DDBE4,"Reviewed in the United States on April 11, 2026",5,"I compared several listings before noticing they all dodge the same practical gap. In actual holiday gifts use, I hit the same wall other reviewers mention: no dye chips, no centering bars, and therefore no smooth start. I had already looked at a cheaper set and they all felt similarly incomplete. A seller who packages the obvious add-ons will probably own the category faster than one chasing minor feature tweaks. The clue feels commercial, not just personal. ReviewKey-43-5-13",Bundle opportunity is obvious,TRUE
44,2,B0598NRHB5,color:SlateSize:Clean Kit Pack,4,R143F52426F734,"Reviewed in the United States on April 8, 2026",1,"This turned into a lesson about how categories hide second purchases. The product was fine, but the workflow around summer trail runs still depended on hose clip and cleaning kit. I am not even asking for a huge discount here, just a more sensible first-order configuration. The better merchant here is the one that respects the full routine rather than the isolated SKU. I would pay a little more for that kind of completeness tbh. ReviewKey-44-1-17",Missing companion items,TRUE
44,3,B0598NRHB5,color:SlateSize:Clean Kit Pack,3,REBE8C1E2E0D14,"Reviewed in the United States on April 4, 2026",2,"I compared several listings before noticing they all dodge the same practical gap. When I used it for music festivals, the missing pieces were immediately insulation sleeve and hose clip. The photos made it seem ready, but the ownership experience said otherwise the second I opened the package. A seller who packages the obvious add-ons will probably own the category faster than one chasing minor feature tweaks. That one change would save time, shipping waste, and decision fatigue. ReviewKey-44-2-15",Bundle opportunity is obvious,TRUE
45,2,B07CNLJGYA,color:Cloud WhiteSize:Organizer + Charger Bundle,5,R9894E9A7C56B4,"Reviewed in the United States on April 14, 2026",1,"I kept joking that it generated the extra tool on its own once I opened the box, but the review sounds strange because no real product in this category should be able to create a companion part by itself. Phantom-45-1",Impossible bundle magic,TRUE
45,7,B07CNLJGYA,color:Cloud WhiteSize:Organizer + Charger Bundle,4,R23F0458038E64,"Reviewed in the United States on April 14, 2026",2,"I ordered this expecting one package to solve the task. When I used it for school pickup clutter, the missing pieces were immediately phone cable notch and passenger-side twin. What surprised me most was how predictable the missing pieces were; none of them were unusual edge cases. That is why I think the revenue opportunity is in the bundle, not the base listing. The clue feels commercial, not just personal. ReviewKey-45-2-21",Missing companion items,TRUE
45,0,B07CNLJGYA,color:Cloud WhiteSize:Organizer + Charger Bundle,4,R6CD449F8FB844,"Reviewed in the United States on April 14, 2026",3,"At first glance the listing looked complete, which is exactly why the gap stands out. In actual rideshare driving use, I hit the same wall other reviewers mention: no cup insert, no passenger-side twin, and therefore no smooth start. The photos made it seem ready, but the ownership experience said otherwise the second I opened the package. A seller who packages the obvious add-ons will probably own the category faster than one chasing minor feature tweaks. That one change would save time, shipping waste, and decision fatigue. ReviewKey-45-3-17",Kit matters more,TRUE
46,5,B0ETXZTXPW,color:CopperSize:2 Count,4,R156EF573023A4,"Reviewed in the United States on April 11, 2026",1,"I thought I was buying a finished solution rather than the first step. During night changes, it became obvious that burp cloth plus wipes pocket should have shipped together. I am not even asking for a huge discount here, just a more sensible first-order configuration. That is why I think the revenue opportunity is in the bundle, not the base listing. Honestly, the category is leaving money on the table. ReviewKey-46-1-13",This exposed the gap,FALSE
46,5,B0ETXZTXPW,color:CopperSize:2 Count,5,RB0C0684B038A4,"Reviewed in the United States on April 4, 2026",2,"I ordered this expecting one package to solve the task. The first real session exposed a simple truth: without travel pouch and waterproof layer, the setup still felt half-built. The photos made it seem ready, but the ownership experience said otherwise the second I opened the package. That is why I think the revenue opportunity is in the bundle, not the base listing. That one change would save time, shipping waste, and decision fatigue. ReviewKey-46-2-12",Better as a set,TRUE
47,3,B04W67YBGB,color:CobaltSize:Nozzle + Quick Connect Set,5,R6A81A96D6F634,"Reviewed in the United States on April 4, 2026",1,"I thought I was buying a finished solution rather than the first step. The first real session exposed a simple truth: without hanger hook and quick connectors, the setup still felt half-built. I had already looked at a supposedly pro version and they all felt similarly incomplete. I kept thinking the same thing: stop making customers place a second order for predictable extras. Honestly, the category is leaving money on the table. ReviewKey-47-1-21",Kit matters more,TRUE
47,7,B04W67YBGB,color:CobaltSize:Nozzle + Quick Connect Set,5,R5C714C4423224,"Reviewed in the United States on April 8, 2026",2,"I compared several listings before noticing they all dodge the same practical gap. The first real session exposed a simple truth: without hanger hook and spare washers, the setup still felt half-built. The photos made it seem ready, but the ownership experience said otherwise the second I opened the package. I kept thinking the same thing: stop making customers place a second order for predictable extras. The clue feels commercial, not just personal. ReviewKey-47-2-15",Bundle opportunity is obvious,TRUE
48,1,B0G0WPNI1M,color:Midnight BlackSize:Starter Tape Bundle,5,R58BFB6CE20654,"Reviewed in the United States on April 4, 2026",1,"At first glance the listing looked complete, which is exactly why the gap stands out. In actual pantry overhauls use, I hit the same wall other reviewers mention: no battery pack, no cable labels, and therefore no smooth start. I am not even asking for a huge discount here, just a more sensible first-order configuration. That is why I think the revenue opportunity is in the bundle, not the base listing. I would pay a little more for that kind of completeness tbh. ReviewKey-48-1-16",Missing companion items,TRUE
48,7,B0G0WPNI1M,color:Midnight BlackSize:Starter Tape Bundle,4,R11C5CFF37DA84,"Reviewed in the United States on April 11, 2026",2,"I compared several listings before noticing they all dodge the same practical gap. The first real session exposed a simple truth: without storage case and battery pack, the setup still felt half-built. I am not even asking for a huge discount here, just a more sensible first-order configuration. A seller who packages the obvious add-ons will probably own the category faster than one chasing minor feature tweaks. It sounds small, but that convenience shift matters a lot in real life. ReviewKey-48-2-25",This exposed the gap,TRUE
49,2,B0ZGZDWP90,color:Rose ClaySize:Handlebar Kit,3,R9E54A74E74874,"Reviewed in the United States on April 14, 2026",1,"The item works, but the shopping pattern around it is the more interesting part. In actual weekend biking footage use, I hit the same wall other reviewers mention: no safety tether, no pivot arms, and therefore no smooth start. I had already looked at a premium brand option and they all felt similarly incomplete. This is the kind of category where a starter kit would outperform another colorway. Honestly, the category is leaving money on the table. ReviewKey-49-1-22",Missing companion items,TRUE
49,0,B0ZGZDWP90,color:Rose ClaySize:Handlebar Kit,5,R490BDF8753F34,"Reviewed in the United States on April 4, 2026",2,"The item works, but the shopping pattern around it is the more interesting part. When I used it for ski trip setup, the missing pieces were immediately adhesive pads and storage pouch. What surprised me most was how predictable the missing pieces were; none of them were unusual edge cases. The better merchant here is the one that respects the full routine rather than the isolated SKU. That is the part competitors still seem to miss. ReviewKey-49-2-14",Better as a set,TRUE
50,20,B0FHTRHHIW,color:SandSize:Barista Starter Set,4,RF7A7DDFB6EF64,"Reviewed in the United States on April 11, 2026",1,"This turned into a lesson about how categories hide second purchases. The first real session exposed a simple truth: without espresso cloth and latte pen, the setup still felt half-built. What surprised me most was how predictable the missing pieces were; none of them were unusual edge cases. This is the kind of category where a starter kit would outperform another colorway. Honestly, the category is leaving money on the table. ReviewKey-50-1-25",Missing companion items,TRUE
50,7,B0FHTRHHIW,color:SandSize:Barista Starter Set,5,R8C3135201F9A4,"Reviewed in the United States on April 4, 2026",2,"This turned into a lesson about how categories hide second purchases. The product was fine, but the workflow around weekday cappuccinos still depended on cleaning brush and thermometer strip. I had already looked at two competing listings and they all felt similarly incomplete. A seller who packages the obvious add-ons will probably own the category faster than one chasing minor feature tweaks. Honestly, the category is leaving money on the table. ReviewKey-50-2-19",Could have been bundled,TRUE
50,15,B0FHTRHHIW,color:SandSize:Barista Starter Set,5,R913AECD2FCD54,"Reviewed in the United States on April 4, 2026",3,"My assumption was that the base product would be enough on its own. During latte art practice nights, it became obvious that thermometer strip plus espresso cloth should have shipped together. I had already looked at a cheaper set and they all felt similarly incomplete. That is why I think the revenue opportunity is in the bundle, not the base listing. That is the part competitors still seem to miss. ReviewKey-50-3-25",Could have been bundled,TRUE
